Benchmarking Framework,Benchmarking Module Name,Case Name,tag,run_backward,Execution Time
Blacksmith,add,add_M1_N1_K1_cpu,short,FALSE,2.459
Blacksmith,add,add_M64_N64_K64_cpu,short,FALSE,14.3181
Blacksmith,add,add_M64_N64_K128_cpu,short,FALSE,14.6826
Blacksmith,add,add_M1_N1_K1_cpu_bwdall_BACKWARD,short,TRUE,58.1449
Blacksmith,add,add_M1_N1_K1_cpu_bwd1_BACKWARD,short,TRUE,57.765
Blacksmith,add,add_M1_N1_K1_cpu_bwd2_BACKWARD,short,TRUE,57.8035
Blacksmith,add,add_M64_N64_K64_cpu_bwdall_BACKWARD,short,TRUE,135.2775
Blacksmith,add,add_M64_N64_K64_cpu_bwd1_BACKWARD,short,TRUE,135.1988
Blacksmith,add,add_M64_N64_K64_cpu_bwd2_BACKWARD,short,TRUE,135.1905
Blacksmith,add,add_M64_N64_K128_cpu_bwdall_BACKWARD,short,TRUE,135.9341
Blacksmith,add,add_M64_N64_K128_cpu_bwd1_BACKWARD,short,TRUE,136.0071
Blacksmith,add,add_M64_N64_K128_cpu_bwd2_BACKWARD,short,TRUE,135.7898
Blacksmith,addmm,addmm_M1_N1_K1_cpu,short,FALSE,6.5832
Blacksmith,addmm,addmm_M64_N64_K64_cpu,short,FALSE,18.623
Blacksmith,addmm,addmm_M64_N64_K128_cpu,short,FALSE,19.0005
Blacksmith,addmm,addmm_M1_N1_K1_cpu_bwdall_BACKWARD,short,TRUE,86.4294
Blacksmith,addmm,addmm_M1_N1_K1_cpu_bwd1_BACKWARD,short,TRUE,86.5513
Blacksmith,addmm,addmm_M1_N1_K1_cpu_bwd2_BACKWARD,short,TRUE,86.5072
Blacksmith,addmm,addmm_M1_N1_K1_cpu_bwd3_BACKWARD,short,TRUE,86.4965
Blacksmith,addmm,addmm_M64_N64_K64_cpu_bwdall_BACKWARD,short,TRUE,145.9072
Blacksmith,addmm,addmm_M64_N64_K64_cpu_bwd1_BACKWARD,short,TRUE,145.2227
Blacksmith,addmm,addmm_M64_N64_K64_cpu_bwd2_BACKWARD,short,TRUE,145.3786
Blacksmith,addmm,addmm_M64_N64_K64_cpu_bwd3_BACKWARD,short,TRUE,145.2559
Blacksmith,addmm,addmm_M64_N64_K128_cpu_bwdall_BACKWARD,short,TRUE,155.407
Blacksmith,addmm,addmm_M64_N64_K128_cpu_bwd1_BACKWARD,short,TRUE,155.4162
Blacksmith,addmm,addmm_M64_N64_K128_cpu_bwd2_BACKWARD,short,TRUE,155.485
Blacksmith,addmm,addmm_M64_N64_K128_cpu_bwd3_BACKWARD,short,TRUE,155.5694
Blacksmith,as_strided,"as_strided_M8_N8_size(2,2)_stride(1,1)_storage_offset0_cpu",short,FALSE,4.4039
Blacksmith,as_strided,"as_strided_M256_N256_size(32,32)_stride(1,1)_storage_offset0_cpu",short,FALSE,4.4316
Blacksmith,as_strided,"as_strided_M512_N512_size(64,64)_stride(2,2)_storage_offset1_cpu",short,FALSE,4.3663
Blacksmith,batchnorm,batchnorm_M1_N256_K3136_cpu_trainingTrue_cudnnFALSE,short,FALSE,153.1791
Blacksmith,batchnorm,batchnorm_M1_N256_K3136_cpu_trainingFALSE_cudnnFALSE,short,FALSE,36.8686
Blacksmith,batchnorm,batchnorm_M1_N256_K3136_cpu_trainingTrue_cudnnFALSE_bwdall_BACKWARD,short,TRUE,171.3087
Blacksmith,batchnorm,batchnorm_M1_N256_K3136_cpu_trainingTrue_cudnnFALSE_bwd1_BACKWARD,short,TRUE,171.5833
Blacksmith,batchnorm,batchnorm_M1_N256_K3136_cpu_trainingFALSE_cudnnFALSE_bwdall_BACKWARD,short,TRUE,169.3315
Blacksmith,batchnorm,batchnorm_M1_N256_K3136_cpu_trainingFALSE_cudnnFALSE_bwd1_BACKWARD,short,TRUE,169.9856
Blacksmith,batchnorm,batchnorm_N3136_C256_cpu_trainingFALSE_cudnnFALSE,short,FALSE,37.001
Blacksmith,batchnorm,batchnorm_N3136_C256_cpu_trainingTrue_cudnnFALSE_bwdall_BACKWARD,short,TRUE,707.938
Blacksmith,batchnorm,batchnorm_N3136_C256_cpu_trainingTrue_cudnnFALSE_bwd1_BACKWARD,short,TRUE,705.6394
Blacksmith,batchnorm,batchnorm_N3136_C256_cpu_trainingFALSE_cudnnFALSE_bwdall_BACKWARD,short,TRUE,228.8024
Blacksmith,batchnorm,batchnorm_N3136_C256_cpu_trainingFALSE_cudnnFALSE_bwd1_BACKWARD,short,TRUE,229.531
Blacksmith,add,"add_in_one[64,1,64]_in_two[1,64,1]_cpu_dtypesmith.float32",short,FALSE,14.6918
Blacksmith,add,add_M1_N1_K1_cpu_dtype_onesmith.int32_dtype_twosmith.int32,short,FALSE,3.8735
Blacksmith,add,add_M1_N1_K1_cpu_dtype_onesmith.int32_dtype_twosmith.uint8,short,FALSE,8.063000
Blacksmith,add,add_M1_N1_K1_cpu_dtype_onesmith.uint8_dtype_twosmith.int32,short,FALSE,8.124000
Blacksmith,add,add_M1_N1_K1_cpu_dtype_onesmith.uint8_dtype_twosmith.uint8,short,FALSE,4.490000
Blacksmith,add,add_M64_N64_K64_cpu_dtype_onesmith.int32_dtype_twosmith.int32,short,FALSE,14.1837
Blacksmith,add,add_M64_N64_K64_cpu_dtype_onesmith.int32_dtype_twosmith.uint8,short,FALSE,26.820000
Blacksmith,add,add_M64_N64_K64_cpu_dtype_onesmith.uint8_dtype_twosmith.int32,short,FALSE,27.016000
Blacksmith,add,add_M64_N64_K64_cpu_dtype_onesmith.uint8_dtype_twosmith.uint8,short,FALSE,12.637000
Blacksmith,add,add_M64_N64_K128_cpu_dtype_onesmith.int32_dtype_twosmith.int32,short,FALSE,14.262
Blacksmith,add,add_M64_N64_K128_cpu_dtype_onesmith.int32_dtype_twosmith.uint8,short,FALSE,27.481000
Blacksmith,add,add_M64_N64_K128_cpu_dtype_onesmith.uint8_dtype_twosmith.int32,short,FALSE,27.997000
Blacksmith,add,add_M64_N64_K128_cpu_dtype_onesmith.uint8_dtype_twosmith.uint8,short,FALSE,13.020000
Blacksmith,copy_,copy__M1_N1_K1_cpu_dtype_onesmith.int32_dtype_twosmith.int32,short,FALSE,2.3689
Blacksmith,copy_,copy__M64_N64_K64_cpu_dtype_onesmith.int32_dtype_twosmith.int32,short,FALSE,8.467
Blacksmith,copy_,copy__M64_N64_K128_cpu_dtype_onesmith.int32_dtype_twosmith.int32,short,FALSE,8.3493
Blacksmith,cat,"cat_sizes(1,1,1)_N2_dim0_cpu",short,FALSE,4.084
Blacksmith,cat,"cat_sizes(512,512,2)_N2_dim1_cpu",short,FALSE,19.7723
Blacksmith,cat,"cat_sizes(128,1024,2)_N2_dim1_cpu",short,FALSE,19.0845
Blacksmith,channel_shuffle,channel_shuffle_batch_size2_channels_per_group16_height16_width16_groups2_channel_lastTrue,short,FALSE,11.9975
Blacksmith,channel_shuffle,channel_shuffle_batch_size2_channels_per_group16_height16_width16_groups2_channel_lastFALSE,short,FALSE,10.2126
Blacksmith,channel_shuffle,channel_shuffle_batch_size2_channels_per_group32_height32_width32_groups2_channel_lastTrue,short,FALSE,13.4302
Blacksmith,channel_shuffle,channel_shuffle_batch_size2_channels_per_group32_height32_width32_groups2_channel_lastFALSE,short,FALSE,10.7077
Blacksmith,channel_shuffle,channel_shuffle_batch_size4_channels_per_group32_height32_width32_groups4_channel_lastTrue,short,FALSE,16.3329
Blacksmith,channel_shuffle,channel_shuffle_batch_size4_channels_per_group32_height32_width32_groups4_channel_lastFALSE,short,FALSE,12.5681
Blacksmith,channel_shuffle,channel_shuffle_batch_size4_channels_per_group64_height64_width64_groups4_channel_lastTrue,short,FALSE,125.6838
Blacksmith,channel_shuffle,channel_shuffle_batch_size4_channels_per_group64_height64_width64_groups4_channel_lastFALSE,short,FALSE,120.3468
Blacksmith,channel_shuffle,channel_shuffle_batch_size8_channels_per_group64_height64_width64_groups8_channel_lastTrue,short,FALSE,1682.1261
Blacksmith,channel_shuffle,channel_shuffle_batch_size8_channels_per_group64_height64_width64_groups8_channel_lastFALSE,short,FALSE,1669.6469
Blacksmith,channel_shuffle,channel_shuffle_batch_size16_channels_per_group64_height64_width64_groups16_channel_lastTrue,short,FALSE,7362.4572
Blacksmith,channel_shuffle,channel_shuffle_batch_size16_channels_per_group64_height64_width64_groups16_channel_lastFALSE,short,FALSE,7460.3745
Blacksmith,chunk,chunk_M8_N8_chunks2_cpu,short,FALSE,6.7387
Blacksmith,chunk,chunk_M256_N512_chunks2_cpu,short,FALSE,6.7331
Blacksmith,chunk,chunk_M512_N512_chunks2_cpu,short,FALSE,6.7612
Blacksmith,Conv1d,Conv1d_IC128_OC256_kernel3_stride1_N1_L64_cpu,short,FALSE,84.5187
Blacksmith,Conv1d,Conv1d_IC256_OC256_kernel3_stride2_N4_L64_cpu,short,FALSE,190.8436
Blacksmith,ConvTranspose1d,ConvTranspose1d_IC2016_OC1026_kernel1024_stride256_N1_L224_cpu,short,FALSE,2746443.218
Blacksmith,ConvTranspose1d,ConvTranspose1d_IC128_OC256_kernel3_stride1_N1_L64_cpu,short,FALSE,211.5399
Blacksmith,ConvTranspose1d,ConvTranspose1d_IC256_OC256_kernel3_stride2_N4_L64_cpu,short,FALSE,337.3341
Blacksmith,Conv2d,Conv2d_IC256_OC256_kernel3_stride1_N1_H16_W16_G1_pad0_cpu,short,FALSE,255.67
Blacksmith,ConvTranspose2d,ConvTranspose2d_IC256_OC256_kernel3_stride1_N1_H16_W16_G1_pad0_cpu,short,FALSE,335.2168
Blacksmith,Conv2dPointwise,Conv2dPointwise_IC256_OC256_stride1_N1_H16_W16_G1_pad0_cpu,short,FALSE,154.9221
Blacksmith,Conv3d,Conv3d_IC64_OC64_kernel3_stride1_N8_D4_H16_W16_cpu,short,FALSE,546.3879
Blacksmith,ConvTranspose3d,ConvTranspose3d_IC64_OC64_kernel3_stride1_N8_D4_H16_W16_cpu,short,FALSE,1085.1947
Blacksmith,diag,diag_dim1_M64_N64_diagonal0_outTrue_cpu,short,FALSE,10.5764
Blacksmith,diag,diag_dim2_M128_N128_diagonal-10_outFALSE_cpu,short,FALSE,7.56
Blacksmith,diag,diag_dim1_M256_N256_diagonal20_outTrue_cpu,short,FALSE,23.1775
Blacksmith,embeddingbag,embeddingbag_embeddingbags10_dim64_modesum_input_size8_offset0_sparseTrue_include_last_offsetTrue_cpu,short,FALSE,29.0592
Blacksmith,embeddingbag,embeddingbag_embeddingbags10_dim64_modesum_input_size8_offset0_sparseTrue_include_last_offsetFALSE_cpu,short,FALSE,43.3839
Blacksmith,embeddingbag,embeddingbag_embeddingbags10_dim64_modesum_input_size8_offset0_sparseFALSE_include_last_offsetTrue_cpu,short,FALSE,29.0397
Blacksmith,embeddingbag,embeddingbag_embeddingbags10_dim64_modesum_input_size8_offset0_sparseFALSE_include_last_offsetFALSE_cpu,short,FALSE,43.3495
Blacksmith,embeddingbag,embeddingbag_embeddingbags10_dim64_modesum_input_size16_offset0_sparseTrue_include_last_offsetTrue_cpu,short,FALSE,29.689
Blacksmith,embeddingbag,embeddingbag_embeddingbags10_dim64_modesum_input_size16_offset0_sparseTrue_include_last_offsetFALSE_cpu,short,FALSE,43.9881
Blacksmith,embeddingbag,embeddingbag_embeddingbags10_dim64_modesum_input_size16_offset0_sparseFALSE_include_last_offsetTrue_cpu,short,FALSE,29.5983
Blacksmith,embeddingbag,embeddingbag_embeddingbags10_dim64_modesum_input_size16_offset0_sparseFALSE_include_last_offsetFALSE_cpu,short,FALSE,43.8823
Blacksmith,embeddingbag,embeddingbag_embeddingbags10_dim64_modesum_input_size64_offset0_sparseTrue_include_last_offsetTrue_cpu,short,FALSE,30.6063
Blacksmith,embeddingbag,embeddingbag_embeddingbags10_dim64_modesum_input_size64_offset0_sparseTrue_include_last_offsetFALSE_cpu,short,FALSE,47.841
Blacksmith,embeddingbag,embeddingbag_embeddingbags10_dim64_modesum_input_size64_offset0_sparseFALSE_include_last_offsetTrue_cpu,short,FALSE,30.6428
Blacksmith,embeddingbag,embeddingbag_embeddingbags10_dim64_modesum_input_size64_offset0_sparseFALSE_include_last_offsetFALSE_cpu,short,FALSE,47.8691
Blacksmith,embeddingbag,embeddingbag_embeddingbags120_dim64_modesum_input_size8_offset0_sparseTrue_include_last_offsetTrue_cpu,short,FALSE,28.9983
Blacksmith,embeddingbag,embeddingbag_embeddingbags120_dim64_modesum_input_size8_offset0_sparseTrue_include_last_offsetFALSE_cpu,short,FALSE,43.4274
Blacksmith,embeddingbag,embeddingbag_embeddingbags120_dim64_modesum_input_size8_offset0_sparseFALSE_include_last_offsetTrue_cpu,short,FALSE,29.1056
Blacksmith,embeddingbag,embeddingbag_embeddingbags120_dim64_modesum_input_size8_offset0_sparseFALSE_include_last_offsetFALSE_cpu,short,FALSE,43.4201
Blacksmith,embeddingbag,embeddingbag_embeddingbags120_dim64_modesum_input_size16_offset0_sparseTrue_include_last_offsetTrue_cpu,short,FALSE,29.3727
Blacksmith,embeddingbag,embeddingbag_embeddingbags120_dim64_modesum_input_size16_offset0_sparseTrue_include_last_offsetFALSE_cpu,short,FALSE,45.1213
Blacksmith,embeddingbag,embeddingbag_embeddingbags120_dim64_modesum_input_size16_offset0_sparseFALSE_include_last_offsetTrue_cpu,short,FALSE,29.4613
Blacksmith,embeddingbag,embeddingbag_embeddingbags120_dim64_modesum_input_size16_offset0_sparseFALSE_include_last_offsetFALSE_cpu,short,FALSE,45.4844
Blacksmith,embeddingbag,embeddingbag_embeddingbags120_dim64_modesum_input_size64_offset0_sparseTrue_include_last_offsetTrue_cpu,short,FALSE,30.9368
Blacksmith,embeddingbag,embeddingbag_embeddingbags120_dim64_modesum_input_size64_offset0_sparseTrue_include_last_offsetFALSE_cpu,short,FALSE,48.3018
Blacksmith,embeddingbag,embeddingbag_embeddingbags120_dim64_modesum_input_size64_offset0_sparseFALSE_include_last_offsetTrue_cpu,short,FALSE,30.9671
Blacksmith,embeddingbag,embeddingbag_embeddingbags120_dim64_modesum_input_size64_offset0_sparseFALSE_include_last_offsetFALSE_cpu,short,FALSE,48.6072
Blacksmith,embeddingbag,embeddingbag_embeddingbags1000_dim64_modesum_input_size8_offset0_sparseTrue_include_last_offsetTrue_cpu,short,FALSE,29.0466
Blacksmith,embeddingbag,embeddingbag_embeddingbags1000_dim64_modesum_input_size8_offset0_sparseTrue_include_last_offsetFALSE_cpu,short,FALSE,43.3651
Blacksmith,embeddingbag,embeddingbag_embeddingbags1000_dim64_modesum_input_size8_offset0_sparseFALSE_include_last_offsetTrue_cpu,short,FALSE,29.07
Blacksmith,embeddingbag,embeddingbag_embeddingbags1000_dim64_modesum_input_size8_offset0_sparseFALSE_include_last_offsetFALSE_cpu,short,FALSE,43.4114
Blacksmith,embeddingbag,embeddingbag_embeddingbags1000_dim64_modesum_input_size16_offset0_sparseTrue_include_last_offsetTrue_cpu,short,FALSE,30.312
Blacksmith,embeddingbag,embeddingbag_embeddingbags1000_dim64_modesum_input_size16_offset0_sparseTrue_include_last_offsetFALSE_cpu,short,FALSE,43.7561
Blacksmith,embeddingbag,embeddingbag_embeddingbags1000_dim64_modesum_input_size16_offset0_sparseFALSE_include_last_offsetTrue_cpu,short,FALSE,29.5243
Blacksmith,embeddingbag,embeddingbag_embeddingbags1000_dim64_modesum_input_size16_offset0_sparseFALSE_include_last_offsetFALSE_cpu,short,FALSE,43.8939
Blacksmith,embeddingbag,embeddingbag_embeddingbags1000_dim64_modesum_input_size64_offset0_sparseTrue_include_last_offsetTrue_cpu,short,FALSE,30.9467
Blacksmith,embeddingbag,embeddingbag_embeddingbags1000_dim64_modesum_input_size64_offset0_sparseTrue_include_last_offsetFALSE_cpu,short,FALSE,48.6129
Blacksmith,embeddingbag,embeddingbag_embeddingbags1000_dim64_modesum_input_size64_offset0_sparseFALSE_include_last_offsetTrue_cpu,short,FALSE,30.9435
Blacksmith,embeddingbag,embeddingbag_embeddingbags1000_dim64_modesum_input_size64_offset0_sparseFALSE_include_last_offsetFALSE_cpu,short,FALSE,48.225
Blacksmith,embeddingbag,embeddingbag_embeddingbags2300_dim64_modesum_input_size8_offset0_sparseTrue_include_last_offsetTrue_cpu,short,FALSE,29.0514
Blacksmith,embeddingbag,embeddingbag_embeddingbags2300_dim64_modesum_input_size8_offset0_sparseTrue_include_last_offsetFALSE_cpu,short,FALSE,43.3893
Blacksmith,embeddingbag,embeddingbag_embeddingbags2300_dim64_modesum_input_size8_offset0_sparseFALSE_include_last_offsetTrue_cpu,short,FALSE,28.9891
Blacksmith,embeddingbag,embeddingbag_embeddingbags2300_dim64_modesum_input_size8_offset0_sparseFALSE_include_last_offsetFALSE_cpu,short,FALSE,43.4042
Blacksmith,embeddingbag,embeddingbag_embeddingbags2300_dim64_modesum_input_size16_offset0_sparseTrue_include_last_offsetTrue_cpu,short,FALSE,29.4403
Blacksmith,embeddingbag,embeddingbag_embeddingbags2300_dim64_modesum_input_size16_offset0_sparseTrue_include_last_offsetFALSE_cpu,short,FALSE,44.0072
Blacksmith,embeddingbag,embeddingbag_embeddingbags2300_dim64_modesum_input_size16_offset0_sparseFALSE_include_last_offsetTrue_cpu,short,FALSE,29.5882
Blacksmith,embeddingbag,embeddingbag_embeddingbags2300_dim64_modesum_input_size16_offset0_sparseFALSE_include_last_offsetFALSE_cpu,short,FALSE,43.8711
Blacksmith,embeddingbag,embeddingbag_embeddingbags2300_dim64_modesum_input_size64_offset0_sparseTrue_include_last_offsetTrue_cpu,short,FALSE,31.001
Blacksmith,embeddingbag,embeddingbag_embeddingbags2300_dim64_modesum_input_size64_offset0_sparseTrue_include_last_offsetFALSE_cpu,short,FALSE,49.1249
Blacksmith,embeddingbag,embeddingbag_embeddingbags2300_dim64_modesum_input_size64_offset0_sparseFALSE_include_last_offsetTrue_cpu,short,FALSE,31.0196
Blacksmith,embeddingbag,embeddingbag_embeddingbags2300_dim64_modesum_input_size64_offset0_sparseFALSE_include_last_offsetFALSE_cpu,short,FALSE,49.3764
Blacksmith,embeddingbag,embeddingbag_embeddingbags10_dim64_modesum_input_size8_offset0_sparseTrue_include_last_offsetTrue_cpu_BACKWARD,short,TRUE,99.4515
Blacksmith,embeddingbag,embeddingbag_embeddingbags10_dim64_modesum_input_size8_offset0_sparseTrue_include_last_offsetFALSE_cpu_BACKWARD,short,TRUE,99.5995
Blacksmith,embeddingbag,embeddingbag_embeddingbags10_dim64_modesum_input_size8_offset0_sparseFALSE_include_last_offsetTrue_cpu_BACKWARD,short,TRUE,94.7753
Blacksmith,embeddingbag,embeddingbag_embeddingbags10_dim64_modesum_input_size8_offset0_sparseFALSE_include_last_offsetFALSE_cpu_BACKWARD,short,TRUE,94.8932
Blacksmith,embeddingbag,embeddingbag_embeddingbags10_dim64_modesum_input_size16_offset0_sparseTrue_include_last_offsetTrue_cpu_BACKWARD,short,TRUE,100.8096
Blacksmith,embeddingbag,embeddingbag_embeddingbags10_dim64_modesum_input_size16_offset0_sparseTrue_include_last_offsetFALSE_cpu_BACKWARD,short,TRUE,100.7441
Blacksmith,embeddingbag,embeddingbag_embeddingbags10_dim64_modesum_input_size16_offset0_sparseFALSE_include_last_offsetTrue_cpu_BACKWARD,short,TRUE,95.4789
Blacksmith,embeddingbag,embeddingbag_embeddingbags10_dim64_modesum_input_size16_offset0_sparseFALSE_include_last_offsetFALSE_cpu_BACKWARD,short,TRUE,95.8774
Blacksmith,embeddingbag,embeddingbag_embeddingbags10_dim64_modesum_input_size64_offset0_sparseTrue_include_last_offsetTrue_cpu_BACKWARD,short,TRUE,115.1715
Blacksmith,embeddingbag,embeddingbag_embeddingbags10_dim64_modesum_input_size64_offset0_sparseTrue_include_last_offsetFALSE_cpu_BACKWARD,short,TRUE,115.2046
Blacksmith,embeddingbag,embeddingbag_embeddingbags10_dim64_modesum_input_size64_offset0_sparseFALSE_include_last_offsetTrue_cpu_BACKWARD,short,TRUE,98.8603
Blacksmith,embeddingbag,embeddingbag_embeddingbags10_dim64_modesum_input_size64_offset0_sparseFALSE_include_last_offsetFALSE_cpu_BACKWARD,short,TRUE,99.0584
Blacksmith,embeddingbag,embeddingbag_embeddingbags120_dim64_modesum_input_size8_offset0_sparseTrue_include_last_offsetTrue_cpu_BACKWARD,short,TRUE,99.526
Blacksmith,embeddingbag,embeddingbag_embeddingbags120_dim64_modesum_input_size8_offset0_sparseTrue_include_last_offsetFALSE_cpu_BACKWARD,short,TRUE,99.4308
Blacksmith,embeddingbag,embeddingbag_embeddingbags120_dim64_modesum_input_size8_offset0_sparseFALSE_include_last_offsetTrue_cpu_BACKWARD,short,TRUE,103.1781
Blacksmith,embeddingbag,embeddingbag_embeddingbags120_dim64_modesum_input_size8_offset0_sparseFALSE_include_last_offsetFALSE_cpu_BACKWARD,short,TRUE,103.3991
Blacksmith,embeddingbag,embeddingbag_embeddingbags120_dim64_modesum_input_size16_offset0_sparseTrue_include_last_offsetTrue_cpu_BACKWARD,short,TRUE,100.831
Blacksmith,embeddingbag,embeddingbag_embeddingbags120_dim64_modesum_input_size16_offset0_sparseTrue_include_last_offsetFALSE_cpu_BACKWARD,short,TRUE,100.7591
Blacksmith,embeddingbag,embeddingbag_embeddingbags120_dim64_modesum_input_size16_offset0_sparseFALSE_include_last_offsetTrue_cpu_BACKWARD,short,TRUE,103.9218
Blacksmith,embeddingbag,embeddingbag_embeddingbags120_dim64_modesum_input_size16_offset0_sparseFALSE_include_last_offsetFALSE_cpu_BACKWARD,short,TRUE,104.1436
Blacksmith,embeddingbag,embeddingbag_embeddingbags120_dim64_modesum_input_size64_offset0_sparseTrue_include_last_offsetTrue_cpu_BACKWARD,short,TRUE,115.0634
Blacksmith,embeddingbag,embeddingbag_embeddingbags120_dim64_modesum_input_size64_offset0_sparseTrue_include_last_offsetFALSE_cpu_BACKWARD,short,TRUE,115.2862
Blacksmith,embeddingbag,embeddingbag_embeddingbags120_dim64_modesum_input_size64_offset0_sparseFALSE_include_last_offsetTrue_cpu_BACKWARD,short,TRUE,108.1062
Blacksmith,embeddingbag,embeddingbag_embeddingbags120_dim64_modesum_input_size64_offset0_sparseFALSE_include_last_offsetFALSE_cpu_BACKWARD,short,TRUE,108.1646
Blacksmith,embeddingbag,embeddingbag_embeddingbags1000_dim64_modesum_input_size8_offset0_sparseTrue_include_last_offsetTrue_cpu_BACKWARD,short,TRUE,99.5187
Blacksmith,embeddingbag,embeddingbag_embeddingbags1000_dim64_modesum_input_size8_offset0_sparseTrue_include_last_offsetFALSE_cpu_BACKWARD,short,TRUE,99.5428
Blacksmith,embeddingbag,embeddingbag_embeddingbags1000_dim64_modesum_input_size8_offset0_sparseFALSE_include_last_offsetTrue_cpu_BACKWARD,short,TRUE,143.7975
Blacksmith,embeddingbag,embeddingbag_embeddingbags1000_dim64_modesum_input_size8_offset0_sparseFALSE_include_last_offsetFALSE_cpu_BACKWARD,short,TRUE,142.3146
Blacksmith,embeddingbag,embeddingbag_embeddingbags1000_dim64_modesum_input_size16_offset0_sparseTrue_include_last_offsetTrue_cpu_BACKWARD,short,TRUE,100.8197
Blacksmith,embeddingbag,embeddingbag_embeddingbags1000_dim64_modesum_input_size16_offset0_sparseTrue_include_last_offsetFALSE_cpu_BACKWARD,short,TRUE,100.7614
Blacksmith,embeddingbag,embeddingbag_embeddingbags1000_dim64_modesum_input_size16_offset0_sparseFALSE_include_last_offsetTrue_cpu_BACKWARD,short,TRUE,145.1106
Blacksmith,embeddingbag,embeddingbag_embeddingbags1000_dim64_modesum_input_size16_offset0_sparseFALSE_include_last_offsetFALSE_cpu_BACKWARD,short,TRUE,143.4348
Blacksmith,embeddingbag,embeddingbag_embeddingbags1000_dim64_modesum_input_size64_offset0_sparseTrue_include_last_offsetTrue_cpu_BACKWARD,short,TRUE,115.1787
Blacksmith,embeddingbag,embeddingbag_embeddingbags1000_dim64_modesum_input_size64_offset0_sparseTrue_include_last_offsetFALSE_cpu_BACKWARD,short,TRUE,115.1834
Blacksmith,embeddingbag,embeddingbag_embeddingbags1000_dim64_modesum_input_size64_offset0_sparseFALSE_include_last_offsetTrue_cpu_BACKWARD,short,TRUE,153.0874
Blacksmith,embeddingbag,embeddingbag_embeddingbags1000_dim64_modesum_input_size64_offset0_sparseFALSE_include_last_offsetFALSE_cpu_BACKWARD,short,TRUE,152.9047
Blacksmith,embeddingbag,embeddingbag_embeddingbags2300_dim64_modesum_input_size8_offset0_sparseTrue_include_last_offsetTrue_cpu_BACKWARD,short,TRUE,99.4746
Blacksmith,embeddingbag,embeddingbag_embeddingbags2300_dim64_modesum_input_size8_offset0_sparseTrue_include_last_offsetFALSE_cpu_BACKWARD,short,TRUE,99.4203
Blacksmith,embeddingbag,embeddingbag_embeddingbags2300_dim64_modesum_input_size8_offset0_sparseFALSE_include_last_offsetTrue_cpu_BACKWARD,short,TRUE,142.9623
Blacksmith,embeddingbag,embeddingbag_embeddingbags2300_dim64_modesum_input_size8_offset0_sparseFALSE_include_last_offsetFALSE_cpu_BACKWARD,short,TRUE,141.5405
Blacksmith,embeddingbag,embeddingbag_embeddingbags2300_dim64_modesum_input_size16_offset0_sparseTrue_include_last_offsetTrue_cpu_BACKWARD,short,TRUE,100.7833
Blacksmith,embeddingbag,embeddingbag_embeddingbags2300_dim64_modesum_input_size16_offset0_sparseTrue_include_last_offsetFALSE_cpu_BACKWARD,short,TRUE,100.7818
Blacksmith,embeddingbag,embeddingbag_embeddingbags2300_dim64_modesum_input_size16_offset0_sparseFALSE_include_last_offsetTrue_cpu_BACKWARD,short,TRUE,144.5829
Blacksmith,embeddingbag,embeddingbag_embeddingbags2300_dim64_modesum_input_size16_offset0_sparseFALSE_include_last_offsetFALSE_cpu_BACKWARD,short,TRUE,142.8518
Blacksmith,embeddingbag,embeddingbag_embeddingbags2300_dim64_modesum_input_size64_offset0_sparseTrue_include_last_offsetTrue_cpu_BACKWARD,short,TRUE,115.2002
Blacksmith,embeddingbag,embeddingbag_embeddingbags2300_dim64_modesum_input_size64_offset0_sparseTrue_include_last_offsetFALSE_cpu_BACKWARD,short,TRUE,115.3467
Blacksmith,embeddingbag,embeddingbag_embeddingbags2300_dim64_modesum_input_size64_offset0_sparseFALSE_include_last_offsetTrue_cpu_BACKWARD,short,TRUE,154.0366
Blacksmith,embeddingbag,embeddingbag_embeddingbags2300_dim64_modesum_input_size64_offset0_sparseFALSE_include_last_offsetFALSE_cpu_BACKWARD,short,TRUE,153.7648
Blacksmith,embedding,embedding_num_embeddings10_embedding_dim64_input_size8_cpu,short,FALSE,15.2528
Blacksmith,embedding,embedding_num_embeddings10_embedding_dim64_input_size16_cpu,short,FALSE,15.324
Blacksmith,embedding,embedding_num_embeddings10_embedding_dim64_input_size64_cpu,short,FALSE,16.6834
Blacksmith,embedding,embedding_num_embeddings120_embedding_dim64_input_size8_cpu,short,FALSE,15.2863
Blacksmith,embedding,embedding_num_embeddings120_embedding_dim64_input_size16_cpu,short,FALSE,15.3453
Blacksmith,embedding,embedding_num_embeddings120_embedding_dim64_input_size64_cpu,short,FALSE,16.7499
Blacksmith,embedding,embedding_num_embeddings1000_embedding_dim64_input_size8_cpu,short,FALSE,15.285
Blacksmith,embedding,embedding_num_embeddings1000_embedding_dim64_input_size16_cpu,short,FALSE,15.3442
Blacksmith,embedding,embedding_num_embeddings1000_embedding_dim64_input_size64_cpu,short,FALSE,16.7735
Blacksmith,embedding,embedding_num_embeddings2300_embedding_dim64_input_size8_cpu,short,FALSE,15.2839
Blacksmith,embedding,embedding_num_embeddings2300_embedding_dim64_input_size16_cpu,short,FALSE,15.34
Blacksmith,embedding,embedding_num_embeddings2300_embedding_dim64_input_size64_cpu,short,FALSE,16.7823
Blacksmith,embedding,embedding_num_embeddings10_embedding_dim64_input_size8_cpu_BACKWARD,short,TRUE,64.2787
Blacksmith,embedding,embedding_num_embeddings10_embedding_dim64_input_size16_cpu_BACKWARD,short,TRUE,65.3662
Blacksmith,embedding,embedding_num_embeddings10_embedding_dim64_input_size64_cpu_BACKWARD,short,TRUE,73.7048
Blacksmith,embedding,embedding_num_embeddings120_embedding_dim64_input_size8_cpu_BACKWARD,short,TRUE,70.0031
Blacksmith,embedding,embedding_num_embeddings120_embedding_dim64_input_size16_cpu_BACKWARD,short,TRUE,71.1541
Blacksmith,embedding,embedding_num_embeddings120_embedding_dim64_input_size64_cpu_BACKWARD,short,TRUE,79.6225
Blacksmith,embedding,embedding_num_embeddings1000_embedding_dim64_input_size8_cpu_BACKWARD,short,TRUE,99.6097
Blacksmith,embedding,embedding_num_embeddings1000_embedding_dim64_input_size16_cpu_BACKWARD,short,TRUE,100.9448
Blacksmith,embedding,embedding_num_embeddings1000_embedding_dim64_input_size64_cpu_BACKWARD,short,TRUE,116.043
Blacksmith,embedding,embedding_num_embeddings2300_embedding_dim64_input_size8_cpu_BACKWARD,short,TRUE,100.1301
Blacksmith,embedding,embedding_num_embeddings2300_embedding_dim64_input_size16_cpu_BACKWARD,short,TRUE,101.7065
Blacksmith,embedding,embedding_num_embeddings2300_embedding_dim64_input_size64_cpu_BACKWARD,short,TRUE,113.1131
Blacksmith,fill_,fill__N1_cpu_dtypesmith.int32,short,FALSE,1.5661
Blacksmith,fill_,fill__N1024_cpu_dtypesmith.int32,short,FALSE,2.491
Blacksmith,fill_,fill__N2048_cpu_dtypesmith.int32,short,FALSE,2.6027
Blacksmith,gather,gather_M256_N512_dim0_cpu,short,FALSE,95.7869
Blacksmith,gather,gather_M512_N512_dim1_cpu,short,FALSE,56.6895
Blacksmith,GroupNormBenchmark,"GroupNormBenchmark_dims(32,8,16)_num_groups2",short,FALSE,16.3328
Blacksmith,GroupNormBenchmark,"GroupNormBenchmark_dims(32,8,16)_num_groups4",short,FALSE,16.7871
Blacksmith,GroupNormBenchmark,"GroupNormBenchmark_dims(32,8,56,56)_num_groups2",short,FALSE,33.1706
Blacksmith,GroupNormBenchmark,"GroupNormBenchmark_dims(32,8,56,56)_num_groups4",short,FALSE,33.2813
Blacksmith,Hardsigmoid,Hardsigmoid_N1_C3_H256_W256_cpu,short,FALSE,22.0699
Blacksmith,Hardsigmoid,Hardsigmoid_N4_C3_H256_W256_cpu,short,FALSE,22.4028
Blacksmith,Hardswish,Hardswish_N1_C3_H256_W256_cpu,short,FALSE,21.769
Blacksmith,Hardswish,Hardswish_N4_C3_H256_W256_cpu,short,FALSE,22.496
Blacksmith,InstanceNormBenchmark,"InstanceNormBenchmark_dims(32,8,16)",short,FALSE,43.7271
Blacksmith,InstanceNormBenchmark,"InstanceNormBenchmark_dims(32,8,56,56)",short,FALSE,155.211
Blacksmith,interpolate,"interpolate_input_size(1,3,60,40)_output_size(24,24)_channels_lastTrue_modenearest",short,FALSE,14.6238
Blacksmith,interpolate,"interpolate_input_size(1,3,60,40)_output_size(24,24)_channels_lastTrue_modelinear",short,FALSE,17.9502
Blacksmith,interpolate,"interpolate_input_size(1,3,60,40)_output_size(24,24)_channels_lastTrue_modebicubic",short,FALSE,62.1607
Blacksmith,interpolate,"interpolate_input_size(1,3,60,40)_output_size(24,24)_channels_lastFALSE_modenearest",short,FALSE,29.3439
Blacksmith,interpolate,"interpolate_input_size(1,3,60,40)_output_size(24,24)_channels_lastFALSE_modelinear",short,FALSE,32.6772
Blacksmith,interpolate,"interpolate_input_size(1,3,60,40)_output_size(24,24)_channels_lastFALSE_modebicubic",short,FALSE,49.7318
Blacksmith,interpolate,"interpolate_input_size(1,3,600,400)_output_size(240,240)_channels_lastTrue_modenearest",short,FALSE,124.5945
Blacksmith,interpolate,"interpolate_input_size(1,3,600,400)_output_size(240,240)_channels_lastTrue_modelinear",short,FALSE,224.6027
Blacksmith,interpolate,"interpolate_input_size(1,3,600,400)_output_size(240,240)_channels_lastTrue_modebicubic",short,FALSE,677.6898
Blacksmith,interpolate,"interpolate_input_size(1,3,600,400)_output_size(240,240)_channels_lastFALSE_modenearest",short,FALSE,47.635
Blacksmith,interpolate,"interpolate_input_size(1,3,600,400)_output_size(240,240)_channels_lastFALSE_modelinear",short,FALSE,84.5371
Blacksmith,interpolate,"interpolate_input_size(1,3,600,400)_output_size(240,240)_channels_lastFALSE_modebicubic",short,FALSE,453.9032
Blacksmith,interpolate,"interpolate_input_size(1,3,320,320)_output_size(256,256)_channels_lastTrue_modenearest",short,FALSE,137.7183
Blacksmith,interpolate,"interpolate_input_size(1,3,320,320)_output_size(256,256)_channels_lastTrue_modelinear",short,FALSE,250.3212
Blacksmith,interpolate,"interpolate_input_size(1,3,320,320)_output_size(256,256)_channels_lastTrue_modebicubic",short,FALSE,763.5104
Blacksmith,interpolate,"interpolate_input_size(1,3,320,320)_output_size(256,256)_channels_lastFALSE_modenearest",short,FALSE,51.1275
Blacksmith,interpolate,"interpolate_input_size(1,3,320,320)_output_size(256,256)_channels_lastFALSE_modelinear",short,FALSE,90.131
Blacksmith,interpolate,"interpolate_input_size(1,3,320,320)_output_size(256,256)_channels_lastFALSE_modebicubic",short,FALSE,503.6091
Blacksmith,interpolate,"interpolate_input_size(1,1,60,40)_output_size(24,24)_channels_lastTrue_modenearest",short,FALSE,13.9714
Blacksmith,interpolate,"interpolate_input_size(1,1,60,40)_output_size(24,24)_channels_lastTrue_modelinear",short,FALSE,17.504
Blacksmith,interpolate,"interpolate_input_size(1,1,60,40)_output_size(24,24)_channels_lastTrue_modebicubic",short,FALSE,34.1424
Blacksmith,interpolate,"interpolate_input_size(1,1,60,40)_output_size(24,24)_channels_lastFALSE_modenearest",short,FALSE,13.986
Blacksmith,interpolate,"interpolate_input_size(1,1,60,40)_output_size(24,24)_channels_lastFALSE_modelinear",short,FALSE,17.5393
Blacksmith,interpolate,"interpolate_input_size(1,1,60,40)_output_size(24,24)_channels_lastFALSE_modebicubic",short,FALSE,34.149
Blacksmith,interpolate,"interpolate_input_size(1,1,600,400)_output_size(240,240)_channels_lastTrue_modenearest",short,FALSE,47.9375
Blacksmith,interpolate,"interpolate_input_size(1,1,600,400)_output_size(240,240)_channels_lastTrue_modelinear",short,FALSE,84.0489
Blacksmith,interpolate,"interpolate_input_size(1,1,600,400)_output_size(240,240)_channels_lastTrue_modebicubic",short,FALSE,453.023
Blacksmith,interpolate,"interpolate_input_size(1,1,600,400)_output_size(240,240)_channels_lastFALSE_modenearest",short,FALSE,47.88
Blacksmith,interpolate,"interpolate_input_size(1,1,600,400)_output_size(240,240)_channels_lastFALSE_modelinear",short,FALSE,83.8355
Blacksmith,interpolate,"interpolate_input_size(1,1,600,400)_output_size(240,240)_channels_lastFALSE_modebicubic",short,FALSE,453.0895
Blacksmith,interpolate,"interpolate_input_size(1,1,320,320)_output_size(256,256)_channels_lastTrue_modenearest",short,FALSE,51.024
Blacksmith,interpolate,"interpolate_input_size(1,1,320,320)_output_size(256,256)_channels_lastTrue_modelinear",short,FALSE,89.7526
Blacksmith,interpolate,"interpolate_input_size(1,1,320,320)_output_size(256,256)_channels_lastTrue_modebicubic",short,FALSE,502.907
Blacksmith,interpolate,"interpolate_input_size(1,1,320,320)_output_size(256,256)_channels_lastFALSE_modenearest",short,FALSE,51.233
Blacksmith,interpolate,"interpolate_input_size(1,1,320,320)_output_size(256,256)_channels_lastFALSE_modelinear",short,FALSE,89.4653
Blacksmith,interpolate,"interpolate_input_size(1,1,320,320)_output_size(256,256)_channels_lastFALSE_modebicubic",short,FALSE,503.0013
Blacksmith,interpolate,"interpolate_input_size(1,3,60,40)_output_size(24,24)_channels_lastTrue_modenearest_dtypesmith.uint8",short,FALSE,14.5385
Blacksmith,interpolate,"interpolate_input_size(1,3,60,40)_output_size(24,24)_channels_lastFALSE_modenearest_dtypesmith.uint8",short,FALSE,33.8506
Blacksmith,interpolate,"interpolate_input_size(1,3,600,400)_output_size(240,240)_channels_lastTrue_modenearest_dtypesmith.uint8",short,FALSE,127.4482
Blacksmith,interpolate,"interpolate_input_size(1,3,600,400)_output_size(240,240)_channels_lastFALSE_modenearest_dtypesmith.uint8",short,FALSE,64.694
Blacksmith,interpolate,"interpolate_input_size(1,3,320,320)_output_size(256,256)_channels_lastTrue_modenearest_dtypesmith.uint8",short,FALSE,141.7011
Blacksmith,interpolate,"interpolate_input_size(1,3,320,320)_output_size(256,256)_channels_lastFALSE_modenearest_dtypesmith.uint8",short,FALSE,70.1855
Blacksmith,interpolate,"interpolate_input_size(1,1,60,40)_output_size(24,24)_channels_lastTrue_modenearest_dtypesmith.uint8",short,FALSE,13.7804
Blacksmith,interpolate,"interpolate_input_size(1,1,60,40)_output_size(24,24)_channels_lastFALSE_modenearest_dtypesmith.uint8",short,FALSE,13.7883
Blacksmith,interpolate,"interpolate_input_size(1,1,600,400)_output_size(240,240)_channels_lastTrue_modenearest_dtypesmith.uint8",short,FALSE,64.5975
Blacksmith,interpolate,"interpolate_input_size(1,1,600,400)_output_size(240,240)_channels_lastFALSE_modenearest_dtypesmith.uint8",short,FALSE,64.778
Blacksmith,interpolate,"interpolate_input_size(1,1,320,320)_output_size(256,256)_channels_lastTrue_modenearest_dtypesmith.uint8",short,FALSE,70.2955
Blacksmith,interpolate,"interpolate_input_size(1,1,320,320)_output_size(256,256)_channels_lastFALSE_modenearest_dtypesmith.uint8",short,FALSE,70.5035
Blacksmith,LayerNormBenchmark,"LayerNormBenchmark_dims(1,8,16)",short,FALSE,10.2883
Blacksmith,LayerNormBenchmark,"LayerNormBenchmark_dims(8,8,16)",short,FALSE,14.6892
Blacksmith,LayerNormBenchmark,"LayerNormBenchmark_dims(32,8,16)",short,FALSE,16.7842
Blacksmith,LayerNormBenchmark,"LayerNormBenchmark_dims(64,128,56,56)",short,FALSE,3613.5986
Blacksmith,linear,linear_N1_IN1_OUT1_cpu,short,FALSE,17.7464
Blacksmith,linear,linear_N4_IN256_OUT128_cpu,short,FALSE,25.6582
Blacksmith,linear,linear_N16_IN512_OUT256_cpu,short,FALSE,40.8298
Blacksmith,matmul,matmul_M1_N1_K1_trans_aTrue_trans_bFALSE_cpu,short,FALSE,5.6513
Blacksmith,matmul,matmul_M128_N128_K128_trans_aTrue_trans_bFALSE_cpu,short,FALSE,15.9769
Blacksmith,matmul,matmul_M256_N256_K256_trans_aFALSE_trans_bTrue_cpu,short,FALSE,36.2135
Blacksmith,nan_to_num,nan_to_num_M16_N64_dtypesmith.float32_replace_infTrue,short,FALSE,6.1434
Blacksmith,nan_to_num,nan_to_num_M16_N64_dtypesmith.float32_replace_infFALSE,short,FALSE,6.6946
Blacksmith,nan_to_num,nan_to_num_M16_N64_dtypesmith.float64_replace_infTrue,short,FALSE,6.4431
Blacksmith,nan_to_num,nan_to_num_M16_N64_dtypesmith.float64_replace_infFALSE,short,FALSE,6.9691
Blacksmith,nan_to_num,nan_to_num_M64_N64_dtypesmith.float32_replace_infTrue,short,FALSE,7.7852
Blacksmith,nan_to_num,nan_to_num_M64_N64_dtypesmith.float32_replace_infFALSE,short,FALSE,8.2928
Blacksmith,nan_to_num,nan_to_num_M64_N64_dtypesmith.float64_replace_infTrue,short,FALSE,8.6692
Blacksmith,nan_to_num,nan_to_num_M64_N64_dtypesmith.float64_replace_infFALSE,short,FALSE,9.1626
Blacksmith,nan_to_num_,nan_to_num__M16_N64_dtypesmith.float32_replace_infTrue,short,FALSE,2.98
Blacksmith,nan_to_num_,nan_to_num__M16_N64_dtypesmith.float32_replace_infFALSE,short,FALSE,3.4837
Blacksmith,nan_to_num_,nan_to_num__M16_N64_dtypesmith.float64_replace_infTrue,short,FALSE,3.2369
Blacksmith,nan_to_num_,nan_to_num__M16_N64_dtypesmith.float64_replace_infFALSE,short,FALSE,3.7523
Blacksmith,nan_to_num_,nan_to_num__M64_N64_dtypesmith.float32_replace_infTrue,short,FALSE,3.6271
Blacksmith,nan_to_num_,nan_to_num__M64_N64_dtypesmith.float32_replace_infFALSE,short,FALSE,4.1246
Blacksmith,nan_to_num_,nan_to_num__M64_N64_dtypesmith.float64_replace_infTrue,short,FALSE,4.4276
Blacksmith,nan_to_num_,nan_to_num__M64_N64_dtypesmith.float64_replace_infFALSE,short,FALSE,4.9627
Blacksmith,MaxPool1d,MaxPool1d_kernel3_stride1_N8_C256_L256_cpu,short,FALSE,29.9109
Blacksmith,AvgPool1d,AvgPool1d_kernel3_stride1_N8_C256_L256_cpu,short,FALSE,222.0801
Blacksmith,MaxPool2d,"MaxPool2d_kernel[3,1]_stride[2,1]_N1_C16_H32_W32_cpu",short,FALSE,22.5565
Blacksmith,AvgPool2d,"AvgPool2d_kernel[3,1]_stride[2,1]_N1_C16_H32_W32_cpu",short,FALSE,16.4938
Blacksmith,AdaptiveMaxPool2d,"AdaptiveMaxPool2d_kernel[3,1]_stride[2,1]_N1_C16_H32_W32_cpu",short,FALSE,16.1588
Blacksmith,FractionalMaxPool2d,"FractionalMaxPool2d_kernel[3,1]_stride[2,1]_N1_C16_H32_W32_cpu",short,FALSE,22.3268
Blacksmith,MaxPool3d,"MaxPool3d_kernel[3,1,3]_stride[2,1,2]_N1_C16_D16_H32_W32_cpu",short,FALSE,158.2535
Blacksmith,AvgPool3d,"AvgPool3d_kernel[3,1,3]_stride[2,1,2]_N1_C16_D16_H32_W32_cpu",short,FALSE,46.2965
Blacksmith,AdaptiveMaxPool3d,"AdaptiveMaxPool3d_kernel[3,1,3]_stride[2,1,2]_N1_C16_D16_H32_W32_cpu",short,FALSE,32.4115
Blacksmith,FractionalMaxPool3d,"FractionalMaxPool3d_kernel[3,1,3]_stride[2,1,2]_N1_C16_D16_H32_W32_cpu",short,FALSE,22.1037
Blacksmith,fmod,fmod_M1_N1_K1_cpu_dtypesmith.int32,short,FALSE,3.8882
Blacksmith,fmod,fmod_M1_N1_K1_cpu_dtypesmith.float32,short,FALSE,3.9922
Blacksmith,fmod,fmod_M1_N1_K1_cpu_dtypesmith.float64,short,FALSE,3.9689
Blacksmith,fmod,fmod_M64_N64_K64_cpu_dtypesmith.int32,short,FALSE,81.9179
Blacksmith,fmod,fmod_M64_N64_K64_cpu_dtypesmith.float32,short,FALSE,101.8454
Blacksmith,fmod,fmod_M64_N64_K64_cpu_dtypesmith.float64,short,FALSE,192.0626
Blacksmith,fmod,fmod_M64_N64_K128_cpu_dtypesmith.int32,short,FALSE,83.1678
Blacksmith,fmod,fmod_M64_N64_K128_cpu_dtypesmith.float32,short,FALSE,104.5534
Blacksmith,fmod,fmod_M64_N64_K128_cpu_dtypesmith.float64,short,FALSE,195.5447
Blacksmith,remainder,remainder_M1_N1_K1_cpu_dtypesmith.int32,short,FALSE,3.8216
Blacksmith,remainder,remainder_M1_N1_K1_cpu_dtypesmith.float32,short,FALSE,3.9375
Blacksmith,remainder,remainder_M1_N1_K1_cpu_dtypesmith.float64,short,FALSE,3.9714
Blacksmith,remainder,remainder_M64_N64_K64_cpu_dtypesmith.int32,short,FALSE,160.44
Blacksmith,remainder,remainder_M64_N64_K64_cpu_dtypesmith.float32,short,FALSE,112.3482
Blacksmith,remainder,remainder_M64_N64_K64_cpu_dtypesmith.float64,short,FALSE,212.7387
Blacksmith,remainder,remainder_M64_N64_K128_cpu_dtypesmith.int32,short,FALSE,151.3565
Blacksmith,remainder,remainder_M64_N64_K128_cpu_dtypesmith.float32,short,FALSE,116.2934
Blacksmith,remainder,remainder_M64_N64_K128_cpu_dtypesmith.float64,short,FALSE,219.1238
Blacksmith,Softmax,Softmax_N1_C3_H256_W256_cpu,short,FALSE,34.4325
Blacksmith,Softmax,Softmax_N4_C3_H256_W256_cpu,short,FALSE,76.2321
Blacksmith,Softmax2d,Softmax2d_N1_C3_H256_W256_cpu,short,FALSE,32.0697
Blacksmith,Softmax2d,Softmax2d_N4_C3_H256_W256_cpu,short,FALSE,73.5653
Blacksmith,LogSoftmax,LogSoftmax_N1_C3_H256_W256_cpu,short,FALSE,60.9824
Blacksmith,LogSoftmax,LogSoftmax_N4_C3_H256_W256_cpu,short,FALSE,106.1641
Blacksmith,split,split_M8_N8_parts2_cpu,short,FALSE,7.7648
Blacksmith,split,split_M256_N512_parts2_cpu,short,FALSE,7.7645
Blacksmith,split,split_M512_N512_parts2_cpu,short,FALSE,7.7457
Blacksmith,sum,sum_R64_V32_dim0_contiguousTrue_cpu,short,FALSE,7.4003
Blacksmith,sum,sum_R64_V32_dim0_contiguousFALSE_cpu,short,FALSE,7.7515
Blacksmith,sum,sum_R64_V32_dim1_contiguousTrue_cpu,short,FALSE,7.6422
Blacksmith,sum,sum_R64_V32_dim1_contiguousFALSE_cpu,short,FALSE,8.0323
Blacksmith,sum,sum_R64_V512_dim0_contiguousTrue_cpu,short,FALSE,12.4306
Blacksmith,sum,sum_R64_V512_dim0_contiguousFALSE_cpu,short,FALSE,13.821
Blacksmith,sum,sum_R64_V512_dim1_contiguousTrue_cpu,short,FALSE,15.0937
Blacksmith,sum,sum_R64_V512_dim1_contiguousFALSE_cpu,short,FALSE,14.2064
Blacksmith,sum,sum_R256_V32_dim0_contiguousTrue_cpu,short,FALSE,7.76
Blacksmith,sum,sum_R256_V32_dim0_contiguousFALSE_cpu,short,FALSE,9.7236
Blacksmith,sum,sum_R256_V32_dim1_contiguousTrue_cpu,short,FALSE,7.9835
Blacksmith,sum,sum_R256_V32_dim1_contiguousFALSE_cpu,short,FALSE,9.6207
Blacksmith,sum,sum_R256_V512_dim0_contiguousTrue_cpu,short,FALSE,12.5841
Blacksmith,sum,sum_R256_V512_dim0_contiguousFALSE_cpu,short,FALSE,20.8765
Blacksmith,sum,sum_R256_V512_dim1_contiguousTrue_cpu,short,FALSE,15.4414
Blacksmith,sum,sum_R256_V512_dim1_contiguousFALSE_cpu,short,FALSE,15.3287
Blacksmith,TensorConversionBenchmark,TensorConversionBenchmark_M32_N128_cpu_dtype_onesmith.bool_dtype_twosmith.bool,short,False,0.797
Blacksmith,TensorConversionBenchmark,TensorConversionBenchmark_M32_N128_cpu_dtype_onesmith.bool_dtype_twosmith.uint8,short,False,6.071
Blacksmith,TensorConversionBenchmark,TensorConversionBenchmark_M32_N128_cpu_dtype_onesmith.bool_dtype_twosmith.int8,short,False,6.031
Blacksmith,TensorConversionBenchmark,TensorConversionBenchmark_M32_N128_cpu_dtype_onesmith.bool_dtype_twosmith.int16,short,False,6.243
Blacksmith,TensorConversionBenchmark,TensorConversionBenchmark_M32_N128_cpu_dtype_onesmith.bool_dtype_twosmith.int32,short,False,7.231
Blacksmith,TensorConversionBenchmark,TensorConversionBenchmark_M32_N128_cpu_dtype_onesmith.bool_dtype_twosmith.int64,short,False,7.791
Blacksmith,TensorConversionBenchmark,TensorConversionBenchmark_M32_N128_cpu_dtype_onesmith.bool_dtype_twosmith.float16,short,False,12.661
Blacksmith,TensorConversionBenchmark,TensorConversionBenchmark_M32_N128_cpu_dtype_onesmith.bool_dtype_twosmith.bfloat16,short,False,11.225
Blacksmith,TensorConversionBenchmark,TensorConversionBenchmark_M32_N128_cpu_dtype_onesmith.bool_dtype_twosmith.float32,short,False,9.772
Blacksmith,TensorConversionBenchmark,TensorConversionBenchmark_M32_N128_cpu_dtype_onesmith.bool_dtype_twosmith.float64,short,False,9.872
Blacksmith,TensorConversionBenchmark,TensorConversionBenchmark_M32_N128_cpu_dtype_onesmith.uint8_dtype_twosmith.bool,short,False,6.033
Blacksmith,TensorConversionBenchmark,TensorConversionBenchmark_M32_N128_cpu_dtype_onesmith.uint8_dtype_twosmith.uint8,short,False,0.781
Blacksmith,TensorConversionBenchmark,TensorConversionBenchmark_M32_N128_cpu_dtype_onesmith.uint8_dtype_twosmith.int8,short,False,6.060
Blacksmith,TensorConversionBenchmark,TensorConversionBenchmark_M32_N128_cpu_dtype_onesmith.uint8_dtype_twosmith.int16,short,False,6.180
Blacksmith,TensorConversionBenchmark,TensorConversionBenchmark_M32_N128_cpu_dtype_onesmith.uint8_dtype_twosmith.int32,short,False,7.258
Blacksmith,TensorConversionBenchmark,TensorConversionBenchmark_M32_N128_cpu_dtype_onesmith.uint8_dtype_twosmith.int64,short,False,7.758
Blacksmith,TensorConversionBenchmark,TensorConversionBenchmark_M32_N128_cpu_dtype_onesmith.uint8_dtype_twosmith.float16,short,False,10.504
Blacksmith,TensorConversionBenchmark,TensorConversionBenchmark_M32_N128_cpu_dtype_onesmith.uint8_dtype_twosmith.bfloat16,short,False,6.749
Blacksmith,TensorConversionBenchmark,TensorConversionBenchmark_M32_N128_cpu_dtype_onesmith.uint8_dtype_twosmith.float32,short,False,7.679
Blacksmith,TensorConversionBenchmark,TensorConversionBenchmark_M32_N128_cpu_dtype_onesmith.uint8_dtype_twosmith.float64,short,False,7.797
Blacksmith,TensorConversionBenchmark,TensorConversionBenchmark_M32_N128_cpu_dtype_onesmith.int8_dtype_twosmith.bool,short,False,6.019
Blacksmith,TensorConversionBenchmark,TensorConversionBenchmark_M32_N128_cpu_dtype_onesmith.int8_dtype_twosmith.uint8,short,False,6.079
Blacksmith,TensorConversionBenchmark,TensorConversionBenchmark_M32_N128_cpu_dtype_onesmith.int8_dtype_twosmith.int8,short,False,0.785
Blacksmith,TensorConversionBenchmark,TensorConversionBenchmark_M32_N128_cpu_dtype_onesmith.int8_dtype_twosmith.int16,short,False,6.188
Blacksmith,TensorConversionBenchmark,TensorConversionBenchmark_M32_N128_cpu_dtype_onesmith.int8_dtype_twosmith.int32,short,False,7.288
Blacksmith,TensorConversionBenchmark,TensorConversionBenchmark_M32_N128_cpu_dtype_onesmith.int8_dtype_twosmith.int64,short,False,7.770
Blacksmith,TensorConversionBenchmark,TensorConversionBenchmark_M32_N128_cpu_dtype_onesmith.int8_dtype_twosmith.float16,short,False,10.466
Blacksmith,TensorConversionBenchmark,TensorConversionBenchmark_M32_N128_cpu_dtype_onesmith.int8_dtype_twosmith.bfloat16,short,False,6.676
Blacksmith,TensorConversionBenchmark,TensorConversionBenchmark_M32_N128_cpu_dtype_onesmith.int8_dtype_twosmith.float32,short,False,7.736
Blacksmith,TensorConversionBenchmark,TensorConversionBenchmark_M32_N128_cpu_dtype_onesmith.int8_dtype_twosmith.float64,short,False,7.780
Blacksmith,TensorConversionBenchmark,TensorConversionBenchmark_M32_N128_cpu_dtype_onesmith.int16_dtype_twosmith.bool,short,False,6.130
Blacksmith,TensorConversionBenchmark,TensorConversionBenchmark_M32_N128_cpu_dtype_onesmith.int16_dtype_twosmith.uint8,short,False,6.221
Blacksmith,TensorConversionBenchmark,TensorConversionBenchmark_M32_N128_cpu_dtype_onesmith.int16_dtype_twosmith.int8,short,False,6.101
Blacksmith,TensorConversionBenchmark,TensorConversionBenchmark_M32_N128_cpu_dtype_onesmith.int16_dtype_twosmith.int16,short,False,0.791
Blacksmith,TensorConversionBenchmark,TensorConversionBenchmark_M32_N128_cpu_dtype_onesmith.int16_dtype_twosmith.int32,short,False,6.254
Blacksmith,TensorConversionBenchmark,TensorConversionBenchmark_M32_N128_cpu_dtype_onesmith.int16_dtype_twosmith.int64,short,False,7.733
Blacksmith,TensorConversionBenchmark,TensorConversionBenchmark_M32_N128_cpu_dtype_onesmith.int16_dtype_twosmith.float16,short,False,10.562
Blacksmith,TensorConversionBenchmark,TensorConversionBenchmark_M32_N128_cpu_dtype_onesmith.int16_dtype_twosmith.bfloat16,short,False,6.704
Blacksmith,TensorConversionBenchmark,TensorConversionBenchmark_M32_N128_cpu_dtype_onesmith.int16_dtype_twosmith.float32,short,False,7.819
Blacksmith,TensorConversionBenchmark,TensorConversionBenchmark_M32_N128_cpu_dtype_onesmith.int16_dtype_twosmith.float64,short,False,8.276
Blacksmith,TensorConversionBenchmark,TensorConversionBenchmark_M32_N128_cpu_dtype_onesmith.int32_dtype_twosmith.bool,short,False,6.361
Blacksmith,TensorConversionBenchmark,TensorConversionBenchmark_M32_N128_cpu_dtype_onesmith.int32_dtype_twosmith.uint8,short,False,6.364
Blacksmith,TensorConversionBenchmark,TensorConversionBenchmark_M32_N128_cpu_dtype_onesmith.int32_dtype_twosmith.int8,short,False,6.309
Blacksmith,TensorConversionBenchmark,TensorConversionBenchmark_M32_N128_cpu_dtype_onesmith.int32_dtype_twosmith.int16,short,False,6.362
Blacksmith,TensorConversionBenchmark,TensorConversionBenchmark_M32_N128_cpu_dtype_onesmith.int32_dtype_twosmith.int32,short,False,0.791
Blacksmith,TensorConversionBenchmark,TensorConversionBenchmark_M32_N128_cpu_dtype_onesmith.int32_dtype_twosmith.int64,short,False,7.746
Blacksmith,TensorConversionBenchmark,TensorConversionBenchmark_M32_N128_cpu_dtype_onesmith.int32_dtype_twosmith.float16,short,False,9.462
Blacksmith,TensorConversionBenchmark,TensorConversionBenchmark_M32_N128_cpu_dtype_onesmith.int32_dtype_twosmith.bfloat16,short,False,6.678
Blacksmith,TensorConversionBenchmark,TensorConversionBenchmark_M32_N128_cpu_dtype_onesmith.int32_dtype_twosmith.float32,short,False,7.827
Blacksmith,TensorConversionBenchmark,TensorConversionBenchmark_M32_N128_cpu_dtype_onesmith.int32_dtype_twosmith.float64,short,False,8.200
Blacksmith,TensorConversionBenchmark,TensorConversionBenchmark_M32_N128_cpu_dtype_onesmith.int64_dtype_twosmith.bool,short,False,6.925
Blacksmith,TensorConversionBenchmark,TensorConversionBenchmark_M32_N128_cpu_dtype_onesmith.int64_dtype_twosmith.uint8,short,False,6.947
Blacksmith,TensorConversionBenchmark,TensorConversionBenchmark_M32_N128_cpu_dtype_onesmith.int64_dtype_twosmith.int8,short,False,6.962
Blacksmith,TensorConversionBenchmark,TensorConversionBenchmark_M32_N128_cpu_dtype_onesmith.int64_dtype_twosmith.int16,short,False,6.906
Blacksmith,TensorConversionBenchmark,TensorConversionBenchmark_M32_N128_cpu_dtype_onesmith.int64_dtype_twosmith.int32,short,False,7.664
Blacksmith,TensorConversionBenchmark,TensorConversionBenchmark_M32_N128_cpu_dtype_onesmith.int64_dtype_twosmith.int64,short,False,0.782
Blacksmith,TensorConversionBenchmark,TensorConversionBenchmark_M32_N128_cpu_dtype_onesmith.int64_dtype_twosmith.float16,short,False,10.528
Blacksmith,TensorConversionBenchmark,TensorConversionBenchmark_M32_N128_cpu_dtype_onesmith.int64_dtype_twosmith.bfloat16,short,False,10.123
Blacksmith,TensorConversionBenchmark,TensorConversionBenchmark_M32_N128_cpu_dtype_onesmith.int64_dtype_twosmith.float32,short,False,9.234
Blacksmith,TensorConversionBenchmark,TensorConversionBenchmark_M32_N128_cpu_dtype_onesmith.int64_dtype_twosmith.float64,short,False,8.694
Blacksmith,TensorConversionBenchmark,TensorConversionBenchmark_M32_N128_cpu_dtype_onesmith.float16_dtype_twosmith.bool,short,False,12.653
Blacksmith,TensorConversionBenchmark,TensorConversionBenchmark_M32_N128_cpu_dtype_onesmith.float16_dtype_twosmith.uint8,short,False,9.348
Blacksmith,TensorConversionBenchmark,TensorConversionBenchmark_M32_N128_cpu_dtype_onesmith.float16_dtype_twosmith.int8,short,False,8.774
Blacksmith,TensorConversionBenchmark,TensorConversionBenchmark_M32_N128_cpu_dtype_onesmith.float16_dtype_twosmith.int16,short,False,9.063
Blacksmith,TensorConversionBenchmark,TensorConversionBenchmark_M32_N128_cpu_dtype_onesmith.float16_dtype_twosmith.int32,short,False,10.012
Blacksmith,TensorConversionBenchmark,TensorConversionBenchmark_M32_N128_cpu_dtype_onesmith.float16_dtype_twosmith.int64,short,False,13.641
Blacksmith,TensorConversionBenchmark,TensorConversionBenchmark_M32_N128_cpu_dtype_onesmith.float16_dtype_twosmith.float16,short,False,0.788
Blacksmith,TensorConversionBenchmark,TensorConversionBenchmark_M32_N128_cpu_dtype_onesmith.float16_dtype_twosmith.bfloat16,short,False,13.757
Blacksmith,TensorConversionBenchmark,TensorConversionBenchmark_M32_N128_cpu_dtype_onesmith.float16_dtype_twosmith.float32,short,False,7.170
Blacksmith,TensorConversionBenchmark,TensorConversionBenchmark_M32_N128_cpu_dtype_onesmith.float16_dtype_twosmith.float64,short,False,12.511
Blacksmith,TensorConversionBenchmark,TensorConversionBenchmark_M32_N128_cpu_dtype_onesmith.bfloat16_dtype_twosmith.bool,short,False,6.516
Blacksmith,TensorConversionBenchmark,TensorConversionBenchmark_M32_N128_cpu_dtype_onesmith.bfloat16_dtype_twosmith.uint8,short,False,8.539
Blacksmith,TensorConversionBenchmark,TensorConversionBenchmark_M32_N128_cpu_dtype_onesmith.bfloat16_dtype_twosmith.int8,short,False,6.483
Blacksmith,TensorConversionBenchmark,TensorConversionBenchmark_M32_N128_cpu_dtype_onesmith.bfloat16_dtype_twosmith.int16,short,False,6.468
Blacksmith,TensorConversionBenchmark,TensorConversionBenchmark_M32_N128_cpu_dtype_onesmith.bfloat16_dtype_twosmith.int32,short,False,7.752
Blacksmith,TensorConversionBenchmark,TensorConversionBenchmark_M32_N128_cpu_dtype_onesmith.bfloat16_dtype_twosmith.int64,short,False,9.868
Blacksmith,TensorConversionBenchmark,TensorConversionBenchmark_M32_N128_cpu_dtype_onesmith.bfloat16_dtype_twosmith.float16,short,False,10.556
Blacksmith,TensorConversionBenchmark,TensorConversionBenchmark_M32_N128_cpu_dtype_onesmith.bfloat16_dtype_twosmith.bfloat16,short,False,0.792
Blacksmith,TensorConversionBenchmark,TensorConversionBenchmark_M32_N128_cpu_dtype_onesmith.bfloat16_dtype_twosmith.float32,short,False,7.577
Blacksmith,TensorConversionBenchmark,TensorConversionBenchmark_M32_N128_cpu_dtype_onesmith.bfloat16_dtype_twosmith.float64,short,False,8.267
Blacksmith,TensorConversionBenchmark,TensorConversionBenchmark_M32_N128_cpu_dtype_onesmith.float32_dtype_twosmith.bool,short,False,6.819
Blacksmith,TensorConversionBenchmark,TensorConversionBenchmark_M32_N128_cpu_dtype_onesmith.float32_dtype_twosmith.uint8,short,False,7.715
Blacksmith,TensorConversionBenchmark,TensorConversionBenchmark_M32_N128_cpu_dtype_onesmith.float32_dtype_twosmith.int8,short,False,6.754
Blacksmith,TensorConversionBenchmark,TensorConversionBenchmark_M32_N128_cpu_dtype_onesmith.float32_dtype_twosmith.int16,short,False,6.825
Blacksmith,TensorConversionBenchmark,TensorConversionBenchmark_M32_N128_cpu_dtype_onesmith.float32_dtype_twosmith.int32,short,False,7.790
Blacksmith,TensorConversionBenchmark,TensorConversionBenchmark_M32_N128_cpu_dtype_onesmith.float32_dtype_twosmith.int64,short,False,9.219
Blacksmith,TensorConversionBenchmark,TensorConversionBenchmark_M32_N128_cpu_dtype_onesmith.float32_dtype_twosmith.float16,short,False,5.977
Blacksmith,TensorConversionBenchmark,TensorConversionBenchmark_M32_N128_cpu_dtype_onesmith.float32_dtype_twosmith.bfloat16,short,False,7.069
Blacksmith,TensorConversionBenchmark,TensorConversionBenchmark_M32_N128_cpu_dtype_onesmith.float32_dtype_twosmith.float32,short,False,0.794
Blacksmith,TensorConversionBenchmark,TensorConversionBenchmark_M32_N128_cpu_dtype_onesmith.float32_dtype_twosmith.float64,short,False,8.301
Blacksmith,TensorConversionBenchmark,TensorConversionBenchmark_M32_N128_cpu_dtype_onesmith.float64_dtype_twosmith.bool,short,False,7.401
Blacksmith,TensorConversionBenchmark,TensorConversionBenchmark_M32_N128_cpu_dtype_onesmith.float64_dtype_twosmith.uint8,short,False,7.843
Blacksmith,TensorConversionBenchmark,TensorConversionBenchmark_M32_N128_cpu_dtype_onesmith.float64_dtype_twosmith.int8,short,False,7.117
Blacksmith,TensorConversionBenchmark,TensorConversionBenchmark_M32_N128_cpu_dtype_onesmith.float64_dtype_twosmith.int16,short,False,7.170
Blacksmith,TensorConversionBenchmark,TensorConversionBenchmark_M32_N128_cpu_dtype_onesmith.float64_dtype_twosmith.int32,short,False,8.000
Blacksmith,TensorConversionBenchmark,TensorConversionBenchmark_M32_N128_cpu_dtype_onesmith.float64_dtype_twosmith.int64,short,False,9.284
Blacksmith,TensorConversionBenchmark,TensorConversionBenchmark_M32_N128_cpu_dtype_onesmith.float64_dtype_twosmith.float16,short,False,7.179
Blacksmith,TensorConversionBenchmark,TensorConversionBenchmark_M32_N128_cpu_dtype_onesmith.float64_dtype_twosmith.bfloat16,short,False,7.645
Blacksmith,TensorConversionBenchmark,TensorConversionBenchmark_M32_N128_cpu_dtype_onesmith.float64_dtype_twosmith.float32,short,False,7.988
Blacksmith,TensorConversionBenchmark,TensorConversionBenchmark_M32_N128_cpu_dtype_onesmith.float64_dtype_twosmith.float64,short,False,0.792
Blacksmith,relu,"relu_dims(3,4,5)_contigFALSE_inplaceFALSE_dtypesmith.quint8",short,FALSE,9.4657
Blacksmith,relu,"relu_dims(3,4,5)_contigFALSE_inplaceFALSE_dtypesmith.qint8",short,FALSE,9.4625
Blacksmith,relu,"relu_dims(3,4,5)_contigFALSE_inplaceFALSE_dtypesmith.qint32",short,FALSE,9.4165
Blacksmith,relu,"relu_dims(2,3,4,5)_contigFALSE_inplaceFALSE_dtypesmith.quint8",short,FALSE,10.0753
Blacksmith,relu,"relu_dims(2,3,4,5)_contigFALSE_inplaceFALSE_dtypesmith.qint8",short,FALSE,10.0801
Blacksmith,relu,"relu_dims(2,3,4,5)_contigFALSE_inplaceFALSE_dtypesmith.qint32",short,FALSE,9.9056
Blacksmith,relu,"relu_dims(512,512)_contigFALSE_inplaceFALSE_dtypesmith.quint8",short,FALSE,37.4143
Blacksmith,relu,"relu_dims(512,512)_contigFALSE_inplaceFALSE_dtypesmith.qint8",short,FALSE,37.4995
Blacksmith,relu,"relu_dims(512,512)_contigFALSE_inplaceFALSE_dtypesmith.qint32",short,FALSE,47.061
Blacksmith,relu,"relu_dims(256,1024)_contigFALSE_inplaceFALSE_dtypesmith.quint8",short,FALSE,38.4561
Blacksmith,relu,"relu_dims(256,1024)_contigFALSE_inplaceFALSE_dtypesmith.qint8",short,FALSE,38.6113
Blacksmith,relu,"relu_dims(256,1024)_contigFALSE_inplaceFALSE_dtypesmith.qint32",short,FALSE,60.9784
Blacksmith,relu6,"relu6_dims(3,4,5)_contigFALSE_inplaceFALSE_dtypesmith.quint8",short,FALSE,9.0443
Blacksmith,relu6,"relu6_dims(3,4,5)_contigFALSE_inplaceFALSE_dtypesmith.qint8",short,FALSE,8.9833
Blacksmith,relu6,"relu6_dims(3,4,5)_contigFALSE_inplaceFALSE_dtypesmith.qint32",short,FALSE,8.9762
Blacksmith,relu6,"relu6_dims(2,3,4,5)_contigFALSE_inplaceFALSE_dtypesmith.quint8",short,FALSE,9.6588
Blacksmith,relu6,"relu6_dims(2,3,4,5)_contigFALSE_inplaceFALSE_dtypesmith.qint8",short,FALSE,9.5969
Blacksmith,relu6,"relu6_dims(2,3,4,5)_contigFALSE_inplaceFALSE_dtypesmith.qint32",short,FALSE,9.547
Blacksmith,relu6,"relu6_dims(512,512)_contigFALSE_inplaceFALSE_dtypesmith.quint8",short,FALSE,50.21375
Blacksmith,relu6,"relu6_dims(512,512)_contigFALSE_inplaceFALSE_dtypesmith.qint8",short,FALSE,45.14133333
Blacksmith,relu6,"relu6_dims(512,512)_contigFALSE_inplaceFALSE_dtypesmith.qint32",short,FALSE,52.6664
Blacksmith,relu6,"relu6_dims(256,1024)_contigFALSE_inplaceFALSE_dtypesmith.quint8",short,FALSE,51.49525
Blacksmith,relu6,"relu6_dims(256,1024)_contigFALSE_inplaceFALSE_dtypesmith.qint8",short,FALSE,48.3458
Blacksmith,relu6,"relu6_dims(256,1024)_contigFALSE_inplaceFALSE_dtypesmith.qint32",short,FALSE,62.0719
Blacksmith,functional.hardtanh,"functional.hardtanh_dims(3,4,5)_contigFALSE_inplaceFALSE_dtypesmith.quint8",short,FALSE,7.5728
Blacksmith,functional.hardtanh,"functional.hardtanh_dims(3,4,5)_contigFALSE_inplaceFALSE_dtypesmith.qint8",short,FALSE,7.5451
Blacksmith,functional.hardtanh,"functional.hardtanh_dims(3,4,5)_contigFALSE_inplaceFALSE_dtypesmith.qint32",short,FALSE,7.4914
Blacksmith,functional.hardtanh,"functional.hardtanh_dims(2,3,4,5)_contigFALSE_inplaceFALSE_dtypesmith.quint8",short,FALSE,8.1647
Blacksmith,functional.hardtanh,"functional.hardtanh_dims(2,3,4,5)_contigFALSE_inplaceFALSE_dtypesmith.qint8",short,FALSE,8.1768
Blacksmith,functional.hardtanh,"functional.hardtanh_dims(2,3,4,5)_contigFALSE_inplaceFALSE_dtypesmith.qint32",short,FALSE,8.0619
Blacksmith,functional.hardtanh,"functional.hardtanh_dims(512,512)_contigFALSE_inplaceFALSE_dtypesmith.quint8",short,FALSE,48.88475
Blacksmith,functional.hardtanh,"functional.hardtanh_dims(512,512)_contigFALSE_inplaceFALSE_dtypesmith.qint8",short,FALSE,43.702
Blacksmith,functional.hardtanh,"functional.hardtanh_dims(512,512)_contigFALSE_inplaceFALSE_dtypesmith.qint32",short,FALSE,50.3613
Blacksmith,functional.hardtanh,"functional.hardtanh_dims(256,1024)_contigFALSE_inplaceFALSE_dtypesmith.quint8",short,FALSE,50.3995
Blacksmith,functional.hardtanh,"functional.hardtanh_dims(256,1024)_contigFALSE_inplaceFALSE_dtypesmith.qint8",short,FALSE,46.9813
Blacksmith,functional.hardtanh,"functional.hardtanh_dims(256,1024)_contigFALSE_inplaceFALSE_dtypesmith.qint32",short,FALSE,59.2295
Blacksmith,functional.hardsigmoid,"functional.hardsigmoid_dims(3,4,5)_contigFALSE_inplaceFALSE_dtypesmith.quint8",short,FALSE,6.5189
Blacksmith,functional.hardsigmoid,"functional.hardsigmoid_dims(3,4,5)_contigFALSE_inplaceFALSE_dtypesmith.qint8",short,FALSE,6.5208
Blacksmith,functional.hardsigmoid,"functional.hardsigmoid_dims(3,4,5)_contigFALSE_inplaceFALSE_dtypesmith.qint32",short,FALSE,6.5417
Blacksmith,functional.hardsigmoid,"functional.hardsigmoid_dims(2,3,4,5)_contigFALSE_inplaceFALSE_dtypesmith.quint8",short,FALSE,7.514
Blacksmith,functional.hardsigmoid,"functional.hardsigmoid_dims(2,3,4,5)_contigFALSE_inplaceFALSE_dtypesmith.qint8",short,FALSE,7.4671
Blacksmith,functional.hardsigmoid,"functional.hardsigmoid_dims(2,3,4,5)_contigFALSE_inplaceFALSE_dtypesmith.qint32",short,FALSE,7.5016
Blacksmith,functional.hardsigmoid,"functional.hardsigmoid_dims(512,512)_contigFALSE_inplaceFALSE_dtypesmith.quint8",short,FALSE,423.648
Blacksmith,functional.hardsigmoid,"functional.hardsigmoid_dims(512,512)_contigFALSE_inplaceFALSE_dtypesmith.qint8",short,FALSE,432.648
Blacksmith,functional.hardsigmoid,"functional.hardsigmoid_dims(512,512)_contigFALSE_inplaceFALSE_dtypesmith.qint32",short,FALSE,477.7001
Blacksmith,functional.hardsigmoid,"functional.hardsigmoid_dims(256,1024)_contigFALSE_inplaceFALSE_dtypesmith.quint8",short,FALSE,428.6677
Blacksmith,functional.hardsigmoid,"functional.hardsigmoid_dims(256,1024)_contigFALSE_inplaceFALSE_dtypesmith.qint8",short,FALSE,438.0222
Blacksmith,functional.hardsigmoid,"functional.hardsigmoid_dims(256,1024)_contigFALSE_inplaceFALSE_dtypesmith.qint32",short,FALSE,492.3953
Blacksmith,functional.leaky_relu,"functional.leaky_relu_dims(3,4,5)_contigFALSE_inplaceFALSE_dtypesmith.quint8",short,FALSE,10.6166
Blacksmith,functional.leaky_relu,"functional.leaky_relu_dims(3,4,5)_contigFALSE_inplaceFALSE_dtypesmith.qint8",short,FALSE,10.6037
Blacksmith,functional.leaky_relu,"functional.leaky_relu_dims(3,4,5)_contigFALSE_inplaceFALSE_dtypesmith.qint32",short,FALSE,10.5716
Blacksmith,functional.leaky_relu,"functional.leaky_relu_dims(2,3,4,5)_contigFALSE_inplaceFALSE_dtypesmith.quint8",short,FALSE,11.9313
Blacksmith,functional.leaky_relu,"functional.leaky_relu_dims(2,3,4,5)_contigFALSE_inplaceFALSE_dtypesmith.qint8",short,FALSE,11.9191
Blacksmith,functional.leaky_relu,"functional.leaky_relu_dims(2,3,4,5)_contigFALSE_inplaceFALSE_dtypesmith.qint32",short,FALSE,11.4355
Blacksmith,functional.leaky_relu,"functional.leaky_relu_dims(512,512)_contigFALSE_inplaceFALSE_dtypesmith.quint8",short,FALSE,57.1153
Blacksmith,functional.leaky_relu,"functional.leaky_relu_dims(512,512)_contigFALSE_inplaceFALSE_dtypesmith.qint8",short,FALSE,57.19
Blacksmith,functional.leaky_relu,"functional.leaky_relu_dims(512,512)_contigFALSE_inplaceFALSE_dtypesmith.qint32",short,FALSE,226.2822
Blacksmith,functional.leaky_relu,"functional.leaky_relu_dims(256,1024)_contigFALSE_inplaceFALSE_dtypesmith.quint8",short,FALSE,57.4159
Blacksmith,functional.leaky_relu,"functional.leaky_relu_dims(256,1024)_contigFALSE_inplaceFALSE_dtypesmith.qint8",short,FALSE,57.3784
Blacksmith,functional.leaky_relu,"functional.leaky_relu_dims(256,1024)_contigFALSE_inplaceFALSE_dtypesmith.qint32",short,FALSE,238.6827
Blacksmith,functional.sigmoid,"functional.sigmoid_dims(3,4,5)_contigFALSE_inplaceFALSE_dtypesmith.quint8",short,FALSE,6.2392
Blacksmith,functional.sigmoid,"functional.sigmoid_dims(3,4,5)_contigFALSE_inplaceFALSE_dtypesmith.qint8",short,FALSE,6.2414
Blacksmith,functional.sigmoid,"functional.sigmoid_dims(3,4,5)_contigFALSE_inplaceFALSE_dtypesmith.qint32",short,FALSE,6.2808
Blacksmith,functional.sigmoid,"functional.sigmoid_dims(2,3,4,5)_contigFALSE_inplaceFALSE_dtypesmith.quint8",short,FALSE,7.6169
Blacksmith,functional.sigmoid,"functional.sigmoid_dims(2,3,4,5)_contigFALSE_inplaceFALSE_dtypesmith.qint8",short,FALSE,7.552
Blacksmith,functional.sigmoid,"functional.sigmoid_dims(2,3,4,5)_contigFALSE_inplaceFALSE_dtypesmith.qint32",short,FALSE,7.7053
Blacksmith,functional.sigmoid,"functional.sigmoid_dims(512,512)_contigFALSE_inplaceFALSE_dtypesmith.quint8",short,FALSE,733.8272
Blacksmith,functional.sigmoid,"functional.sigmoid_dims(512,512)_contigFALSE_inplaceFALSE_dtypesmith.qint8",short,FALSE,881.4968
Blacksmith,functional.sigmoid,"functional.sigmoid_dims(512,512)_contigFALSE_inplaceFALSE_dtypesmith.qint32",short,FALSE,649.5353
Blacksmith,functional.sigmoid,"functional.sigmoid_dims(256,1024)_contigFALSE_inplaceFALSE_dtypesmith.quint8",short,FALSE,736.2685
Blacksmith,functional.sigmoid,"functional.sigmoid_dims(256,1024)_contigFALSE_inplaceFALSE_dtypesmith.qint8",short,FALSE,889.0958
Blacksmith,functional.sigmoid,"functional.sigmoid_dims(256,1024)_contigFALSE_inplaceFALSE_dtypesmith.qint32",short,FALSE,672.2981
Blacksmith,functional.tanh,"functional.tanh_dims(3,4,5)_contigFALSE_inplaceFALSE_dtypesmith.quint8",short,FALSE,6.2062
Blacksmith,functional.tanh,"functional.tanh_dims(3,4,5)_contigFALSE_inplaceFALSE_dtypesmith.qint8",short,FALSE,6.355
Blacksmith,functional.tanh,"functional.tanh_dims(3,4,5)_contigFALSE_inplaceFALSE_dtypesmith.qint32",short,FALSE,6.2835
Blacksmith,functional.tanh,"functional.tanh_dims(2,3,4,5)_contigFALSE_inplaceFALSE_dtypesmith.quint8",short,FALSE,7.6287
Blacksmith,functional.tanh,"functional.tanh_dims(2,3,4,5)_contigFALSE_inplaceFALSE_dtypesmith.qint8",short,FALSE,7.7579
Blacksmith,functional.tanh,"functional.tanh_dims(2,3,4,5)_contigFALSE_inplaceFALSE_dtypesmith.qint32",short,FALSE,7.6012
Blacksmith,functional.tanh,"functional.tanh_dims(512,512)_contigFALSE_inplaceFALSE_dtypesmith.quint8",short,FALSE,584.3268
Blacksmith,functional.tanh,"functional.tanh_dims(512,512)_contigFALSE_inplaceFALSE_dtypesmith.qint8",short,FALSE,680.9102
Blacksmith,functional.tanh,"functional.tanh_dims(512,512)_contigFALSE_inplaceFALSE_dtypesmith.qint32",short,FALSE,701.6249
Blacksmith,functional.tanh,"functional.tanh_dims(256,1024)_contigFALSE_inplaceFALSE_dtypesmith.quint8",short,FALSE,591.4621
Blacksmith,functional.tanh,"functional.tanh_dims(256,1024)_contigFALSE_inplaceFALSE_dtypesmith.qint8",short,FALSE,687.5734
Blacksmith,functional.tanh,"functional.tanh_dims(256,1024)_contigFALSE_inplaceFALSE_dtypesmith.qint32",short,FALSE,710.5012
Blacksmith,functional.hardswish,"functional.hardswish_dims(3,4,5)_contigFALSE_inplaceFALSE_dtypesmith.quint8",short,FALSE,10.6018
Blacksmith,functional.hardswish,"functional.hardswish_dims(3,4,5)_contigFALSE_inplaceFALSE_dtypesmith.qint8",short,FALSE,10.5699
Blacksmith,functional.hardswish,"functional.hardswish_dims(3,4,5)_contigFALSE_inplaceFALSE_dtypesmith.qint32",short,FALSE,10.5695
Blacksmith,functional.hardswish,"functional.hardswish_dims(2,3,4,5)_contigFALSE_inplaceFALSE_dtypesmith.quint8",short,FALSE,11.5372
Blacksmith,functional.hardswish,"functional.hardswish_dims(2,3,4,5)_contigFALSE_inplaceFALSE_dtypesmith.qint8",short,FALSE,11.5601
Blacksmith,functional.hardswish,"functional.hardswish_dims(2,3,4,5)_contigFALSE_inplaceFALSE_dtypesmith.qint32",short,FALSE,11.6734
Blacksmith,functional.hardswish,"functional.hardswish_dims(512,512)_contigFALSE_inplaceFALSE_dtypesmith.quint8",short,FALSE,248.9016
Blacksmith,functional.hardswish,"functional.hardswish_dims(512,512)_contigFALSE_inplaceFALSE_dtypesmith.qint8",short,FALSE,251.228
Blacksmith,functional.hardswish,"functional.hardswish_dims(512,512)_contigFALSE_inplaceFALSE_dtypesmith.qint32",short,FALSE,311.6496
Blacksmith,functional.hardswish,"functional.hardswish_dims(256,1024)_contigFALSE_inplaceFALSE_dtypesmith.quint8",short,FALSE,254.0779
Blacksmith,functional.hardswish,"functional.hardswish_dims(256,1024)_contigFALSE_inplaceFALSE_dtypesmith.qint8",short,FALSE,256.7338
Blacksmith,functional.hardswish,"functional.hardswish_dims(256,1024)_contigFALSE_inplaceFALSE_dtypesmith.qint32",short,FALSE,311.0197
Blacksmith,functional.elu,"functional.elu_dims(3,4,5)_contigFALSE_inplaceFALSE_dtypesmith.quint8",short,FALSE,11.1139
Blacksmith,functional.elu,"functional.elu_dims(3,4,5)_contigFALSE_inplaceFALSE_dtypesmith.qint8",short,FALSE,11.3503
Blacksmith,functional.elu,"functional.elu_dims(3,4,5)_contigFALSE_inplaceFALSE_dtypesmith.qint32",short,FALSE,11.3583
Blacksmith,functional.elu,"functional.elu_dims(2,3,4,5)_contigFALSE_inplaceFALSE_dtypesmith.quint8",short,FALSE,11.9967
Blacksmith,functional.elu,"functional.elu_dims(2,3,4,5)_contigFALSE_inplaceFALSE_dtypesmith.qint8",short,FALSE,12.4721
Blacksmith,functional.elu,"functional.elu_dims(2,3,4,5)_contigFALSE_inplaceFALSE_dtypesmith.qint32",short,FALSE,12.5357
Blacksmith,functional.elu,"functional.elu_dims(512,512)_contigFALSE_inplaceFALSE_dtypesmith.quint8",short,FALSE,221.9019
Blacksmith,functional.elu,"functional.elu_dims(512,512)_contigFALSE_inplaceFALSE_dtypesmith.qint8",short,FALSE,562.2536
Blacksmith,functional.elu,"functional.elu_dims(512,512)_contigFALSE_inplaceFALSE_dtypesmith.qint32",short,FALSE,631.6971
Blacksmith,functional.elu,"functional.elu_dims(256,1024)_contigFALSE_inplaceFALSE_dtypesmith.quint8",short,FALSE,224.0514
Blacksmith,functional.elu,"functional.elu_dims(256,1024)_contigFALSE_inplaceFALSE_dtypesmith.qint8",short,FALSE,575.5199
Blacksmith,functional.elu,"functional.elu_dims(256,1024)_contigFALSE_inplaceFALSE_dtypesmith.qint32",short,FALSE,644.9067
Blacksmith,functional.celu,"functional.celu_dims(3,4,5)_contigFALSE_inplaceFALSE_dtypesmith.quint8",short,FALSE,10.8539
Blacksmith,functional.celu,"functional.celu_dims(3,4,5)_contigFALSE_inplaceFALSE_dtypesmith.qint8",short,FALSE,11.0591
Blacksmith,functional.celu,"functional.celu_dims(3,4,5)_contigFALSE_inplaceFALSE_dtypesmith.qint32",short,FALSE,11.098
Blacksmith,functional.celu,"functional.celu_dims(2,3,4,5)_contigFALSE_inplaceFALSE_dtypesmith.quint8",short,FALSE,11.738
Blacksmith,functional.celu,"functional.celu_dims(2,3,4,5)_contigFALSE_inplaceFALSE_dtypesmith.qint8",short,FALSE,12.2373
Blacksmith,functional.celu,"functional.celu_dims(2,3,4,5)_contigFALSE_inplaceFALSE_dtypesmith.qint32",short,FALSE,12.2706
Blacksmith,functional.celu,"functional.celu_dims(512,512)_contigFALSE_inplaceFALSE_dtypesmith.quint8",short,FALSE,221.5425
Blacksmith,functional.celu,"functional.celu_dims(512,512)_contigFALSE_inplaceFALSE_dtypesmith.qint8",short,FALSE,562.3881
Blacksmith,functional.celu,"functional.celu_dims(512,512)_contigFALSE_inplaceFALSE_dtypesmith.qint32",short,FALSE,627.6411
Blacksmith,functional.celu,"functional.celu_dims(256,1024)_contigFALSE_inplaceFALSE_dtypesmith.quint8",short,FALSE,222.5929
Blacksmith,functional.celu,"functional.celu_dims(256,1024)_contigFALSE_inplaceFALSE_dtypesmith.qint8",short,FALSE,575.7397
Blacksmith,functional.celu,"functional.celu_dims(256,1024)_contigFALSE_inplaceFALSE_dtypesmith.qint32",short,FALSE,645.4033
Blacksmith,add,add_N2_dtypesmith.quint8_contigFALSE,short,FALSE,10.5944
Blacksmith,add,add_N2_dtypesmith.quint8_contigTrue,short,FALSE,10.3022
Blacksmith,add,add_N2_dtypesmith.qint8_contigFALSE,short,FALSE,10.5853
Blacksmith,add,add_N2_dtypesmith.qint8_contigTrue,short,FALSE,10.381
Blacksmith,add,add_N2_dtypesmith.qint32_contigFALSE,short,FALSE,10.6032
Blacksmith,add,add_N2_dtypesmith.qint32_contigTrue,short,FALSE,10.2916
Blacksmith,add,add_N8_dtypesmith.quint8_contigFALSE,short,FALSE,11.1193
Blacksmith,add,add_N8_dtypesmith.quint8_contigTrue,short,FALSE,10.8562
Blacksmith,add,add_N8_dtypesmith.qint8_contigFALSE,short,FALSE,11.1441
Blacksmith,add,add_N8_dtypesmith.qint8_contigTrue,short,FALSE,10.8855
Blacksmith,add,add_N8_dtypesmith.qint32_contigFALSE,short,FALSE,11.1265
Blacksmith,add,add_N8_dtypesmith.qint32_contigTrue,short,FALSE,10.6666
Blacksmith,add,add_N64_dtypesmith.quint8_contigFALSE,short,FALSE,42.827
Blacksmith,add,add_N64_dtypesmith.quint8_contigTrue,short,FALSE,12.1777
Blacksmith,add,add_N64_dtypesmith.qint8_contigFALSE,short,FALSE,71.8321
Blacksmith,add,add_N64_dtypesmith.qint8_contigTrue,short,FALSE,12.2144
Blacksmith,add,add_N64_dtypesmith.qint32_contigFALSE,short,FALSE,45.3253
Blacksmith,add,add_N64_dtypesmith.qint32_contigTrue,short,FALSE,31.7538
Blacksmith,add,add_N512_dtypesmith.quint8_contigFALSE,short,FALSE,282.9102
Blacksmith,add,add_N512_dtypesmith.quint8_contigTrue,short,FALSE,29.0446
Blacksmith,add,add_N512_dtypesmith.qint8_contigFALSE,short,FALSE,557.6633
Blacksmith,add,add_N512_dtypesmith.qint8_contigTrue,short,FALSE,28.9897
Blacksmith,add,add_N512_dtypesmith.qint32_contigFALSE,short,FALSE,332.7038
Blacksmith,add,add_N512_dtypesmith.qint32_contigTrue,short,FALSE,186.5795
Blacksmith,add_relu,add_relu_N2_dtypesmith.quint8_contigFALSE,short,FALSE,10.5985
Blacksmith,add_relu,add_relu_N2_dtypesmith.quint8_contigTrue,short,FALSE,10.2837
Blacksmith,add_relu,add_relu_N2_dtypesmith.qint8_contigFALSE,short,FALSE,10.6095
Blacksmith,add_relu,add_relu_N2_dtypesmith.qint8_contigTrue,short,FALSE,10.2838
Blacksmith,add_relu,add_relu_N2_dtypesmith.qint32_contigFALSE,short,FALSE,10.6035
Blacksmith,add_relu,add_relu_N2_dtypesmith.qint32_contigTrue,short,FALSE,10.2648
Blacksmith,add_relu,add_relu_N8_dtypesmith.quint8_contigFALSE,short,FALSE,11.1752
Blacksmith,add_relu,add_relu_N8_dtypesmith.quint8_contigTrue,short,FALSE,10.8657
Blacksmith,add_relu,add_relu_N8_dtypesmith.qint8_contigFALSE,short,FALSE,11.2
Blacksmith,add_relu,add_relu_N8_dtypesmith.qint8_contigTrue,short,FALSE,10.8263
Blacksmith,add_relu,add_relu_N8_dtypesmith.qint32_contigFALSE,short,FALSE,11.1316
Blacksmith,add_relu,add_relu_N8_dtypesmith.qint32_contigTrue,short,FALSE,10.6437
Blacksmith,add_relu,add_relu_N64_dtypesmith.quint8_contigFALSE,short,FALSE,44.7881
Blacksmith,add_relu,add_relu_N64_dtypesmith.quint8_contigTrue,short,FALSE,12.43
Blacksmith,add_relu,add_relu_N64_dtypesmith.qint8_contigFALSE,short,FALSE,57.4703
Blacksmith,add_relu,add_relu_N64_dtypesmith.qint8_contigTrue,short,FALSE,12.4346
Blacksmith,add_relu,add_relu_N64_dtypesmith.qint32_contigFALSE,short,FALSE,45.4349
Blacksmith,add_relu,add_relu_N64_dtypesmith.qint32_contigTrue,short,FALSE,31.8962
Blacksmith,add_relu,add_relu_N512_dtypesmith.quint8_contigFALSE,short,FALSE,300.9877
Blacksmith,add_relu,add_relu_N512_dtypesmith.quint8_contigTrue,short,FALSE,31.4974
Blacksmith,add_relu,add_relu_N512_dtypesmith.qint8_contigFALSE,short,FALSE,410.9462
Blacksmith,add_relu,add_relu_N512_dtypesmith.qint8_contigTrue,short,FALSE,31.4363
Blacksmith,add_relu,add_relu_N512_dtypesmith.qint32_contigFALSE,short,FALSE,344.9523
Blacksmith,add_relu,add_relu_N512_dtypesmith.qint32_contigTrue,short,FALSE,187.2273
Blacksmith,mul,mul_N2_dtypesmith.quint8_contigFALSE,short,FALSE,10.6211
Blacksmith,mul,mul_N2_dtypesmith.quint8_contigTrue,short,FALSE,10.2957
Blacksmith,mul,mul_N2_dtypesmith.qint8_contigFALSE,short,FALSE,26.7876
Blacksmith,mul,mul_N2_dtypesmith.qint8_contigTrue,short,FALSE,11.8583
Blacksmith,mul,mul_N2_dtypesmith.qint32_contigFALSE,short,FALSE,10.6105
Blacksmith,mul,mul_N2_dtypesmith.qint32_contigTrue,short,FALSE,10.253
Blacksmith,mul,mul_N8_dtypesmith.quint8_contigFALSE,short,FALSE,10.8428
Blacksmith,mul,mul_N8_dtypesmith.quint8_contigTrue,short,FALSE,10.2394
Blacksmith,mul,mul_N8_dtypesmith.qint8_contigFALSE,short,FALSE,482666.2954
Blacksmith,mul,mul_N8_dtypesmith.qint8_contigTrue,short,FALSE,482636.4966
Blacksmith,mul,mul_N8_dtypesmith.qint32_contigFALSE,short,FALSE,10.8113
Blacksmith,mul,mul_N8_dtypesmith.qint32_contigTrue,short,FALSE,10.5465
Blacksmith,mul,mul_N64_dtypesmith.quint8_contigFALSE,short,FALSE,24.7507
Blacksmith,mul,mul_N64_dtypesmith.quint8_contigTrue,short,FALSE,11.7326
Blacksmith,mul,mul_N64_dtypesmith.qint8_contigFALSE,short,FALSE,482828.4171
Blacksmith,mul,mul_N64_dtypesmith.qint8_contigTrue,short,FALSE,481824.9386
Blacksmith,mul,mul_N64_dtypesmith.qint32_contigFALSE,short,FALSE,26.0202
Blacksmith,mul,mul_N64_dtypesmith.qint32_contigTrue,short,FALSE,12.8726
Blacksmith,mul,mul_N512_dtypesmith.quint8_contigFALSE,short,FALSE,145.5759
Blacksmith,mul,mul_N512_dtypesmith.quint8_contigTrue,short,FALSE,32.8526
Blacksmith,mul,mul_N512_dtypesmith.qint8_contigFALSE,short,FALSE,504309.8453
Blacksmith,mul,mul_N512_dtypesmith.qint8_contigTrue,short,FALSE,481425.6449
Blacksmith,mul,mul_N512_dtypesmith.qint32_contigFALSE,short,FALSE,178.6525
Blacksmith,mul,mul_N512_dtypesmith.qint32_contigTrue,short,FALSE,25.5806
Blacksmith,add_scalar,add_scalar_N2_dtypesmith.quint8_contigFALSE,short,FALSE,10.0295
Blacksmith,add_scalar,add_scalar_N2_dtypesmith.quint8_contigTrue,short,FALSE,9.7243
Blacksmith,add_scalar,add_scalar_N2_dtypesmith.qint8_contigFALSE,short,FALSE,10.4763
Blacksmith,add_scalar,add_scalar_N2_dtypesmith.qint8_contigTrue,short,FALSE,10.115
Blacksmith,add_scalar,add_scalar_N2_dtypesmith.qint32_contigFALSE,short,FALSE,10.4586
Blacksmith,add_scalar,add_scalar_N2_dtypesmith.qint32_contigTrue,short,FALSE,10.1003
Blacksmith,add_scalar,add_scalar_N8_dtypesmith.quint8_contigFALSE,short,FALSE,10.2296
Blacksmith,add_scalar,add_scalar_N8_dtypesmith.quint8_contigTrue,short,FALSE,9.6789
Blacksmith,add_scalar,add_scalar_N8_dtypesmith.qint8_contigFALSE,short,FALSE,10.5389
Blacksmith,add_scalar,add_scalar_N8_dtypesmith.qint8_contigTrue,short,FALSE,10.1111
Blacksmith,add_scalar,add_scalar_N8_dtypesmith.qint32_contigFALSE,short,FALSE,10.5022
Blacksmith,add_scalar,add_scalar_N8_dtypesmith.qint32_contigTrue,short,FALSE,10.1294
Blacksmith,add_scalar,add_scalar_N64_dtypesmith.quint8_contigFALSE,short,FALSE,23.0866
Blacksmith,add_scalar,add_scalar_N64_dtypesmith.quint8_contigTrue,short,FALSE,10.6124
Blacksmith,add_scalar,add_scalar_N64_dtypesmith.qint8_contigFALSE,short,FALSE,12.5145
Blacksmith,add_scalar,add_scalar_N64_dtypesmith.qint8_contigTrue,short,FALSE,10.2379
Blacksmith,add_scalar,add_scalar_N64_dtypesmith.qint32_contigFALSE,short,FALSE,13.7177
Blacksmith,add_scalar,add_scalar_N64_dtypesmith.qint32_contigTrue,short,FALSE,11.5271
Blacksmith,add_scalar,add_scalar_N512_dtypesmith.quint8_contigFALSE,short,FALSE,121.8917
Blacksmith,add_scalar,add_scalar_N512_dtypesmith.quint8_contigTrue,short,FALSE,21.5355
Blacksmith,add_scalar,add_scalar_N512_dtypesmith.qint8_contigFALSE,short,FALSE,36.5354
Blacksmith,add_scalar,add_scalar_N512_dtypesmith.qint8_contigTrue,short,FALSE,15.6843
Blacksmith,add_scalar,add_scalar_N512_dtypesmith.qint32_contigFALSE,short,FALSE,49.8448
Blacksmith,add_scalar,add_scalar_N512_dtypesmith.qint32_contigTrue,short,FALSE,17.9149
Blacksmith,mul_scalar,mul_scalar_N2_dtypesmith.quint8_contigFALSE,short,FALSE,10.36
Blacksmith,mul_scalar,mul_scalar_N2_dtypesmith.quint8_contigTrue,short,FALSE,9.9088
Blacksmith,mul_scalar,mul_scalar_N2_dtypesmith.qint8_contigFALSE,short,FALSE,10.2901
Blacksmith,mul_scalar,mul_scalar_N2_dtypesmith.qint8_contigTrue,short,FALSE,9.9043
Blacksmith,mul_scalar,mul_scalar_N2_dtypesmith.qint32_contigFALSE,short,FALSE,10.2596
Blacksmith,mul_scalar,mul_scalar_N2_dtypesmith.qint32_contigTrue,short,FALSE,9.9143
Blacksmith,mul_scalar,mul_scalar_N8_dtypesmith.quint8_contigFALSE,short,FALSE,10.3176
Blacksmith,mul_scalar,mul_scalar_N8_dtypesmith.quint8_contigTrue,short,FALSE,9.9044
Blacksmith,mul_scalar,mul_scalar_N8_dtypesmith.qint8_contigFALSE,short,FALSE,10.3161
Blacksmith,mul_scalar,mul_scalar_N8_dtypesmith.qint8_contigTrue,short,FALSE,9.8889
Blacksmith,mul_scalar,mul_scalar_N8_dtypesmith.qint32_contigFALSE,short,FALSE,10.3277
Blacksmith,mul_scalar,mul_scalar_N8_dtypesmith.qint32_contigTrue,short,FALSE,9.9309
Blacksmith,mul_scalar,mul_scalar_N64_dtypesmith.quint8_contigFALSE,short,FALSE,12.3152
Blacksmith,mul_scalar,mul_scalar_N64_dtypesmith.quint8_contigTrue,short,FALSE,10.0833
Blacksmith,mul_scalar,mul_scalar_N64_dtypesmith.qint8_contigFALSE,short,FALSE,12.3086
Blacksmith,mul_scalar,mul_scalar_N64_dtypesmith.qint8_contigTrue,short,FALSE,10.0465
Blacksmith,mul_scalar,mul_scalar_N64_dtypesmith.qint32_contigFALSE,short,FALSE,13.4912
Blacksmith,mul_scalar,mul_scalar_N64_dtypesmith.qint32_contigTrue,short,FALSE,11.3329
Blacksmith,mul_scalar,mul_scalar_N512_dtypesmith.quint8_contigFALSE,short,FALSE,36.5829
Blacksmith,mul_scalar,mul_scalar_N512_dtypesmith.quint8_contigTrue,short,FALSE,15.4998
Blacksmith,mul_scalar,mul_scalar_N512_dtypesmith.qint8_contigFALSE,short,FALSE,36.4562
Blacksmith,mul_scalar,mul_scalar_N512_dtypesmith.qint8_contigTrue,short,FALSE,15.3596
Blacksmith,mul_scalar,mul_scalar_N512_dtypesmith.qint32_contigFALSE,short,FALSE,49.8853
Blacksmith,mul_scalar,mul_scalar_N512_dtypesmith.qint32_contigTrue,short,FALSE,17.6362
Blacksmith,qatEmbeddingBag,qatEmbeddingBag_embeddingbags10_dim64_modesum_input_size8_offset0_sparseFALSE_include_last_offsetTrue_cpu,short,FALSE,355.0354
Blacksmith,qatEmbeddingBag,qatEmbeddingBag_embeddingbags10_dim64_modesum_input_size8_offset0_sparseFALSE_include_last_offsetFALSE_cpu,short,FALSE,368.8042
Blacksmith,qatEmbeddingBag,qatEmbeddingBag_embeddingbags10_dim64_modesum_input_size16_offset0_sparseFALSE_include_last_offsetTrue_cpu,short,FALSE,360.2546
Blacksmith,qatEmbeddingBag,qatEmbeddingBag_embeddingbags10_dim64_modesum_input_size16_offset0_sparseFALSE_include_last_offsetFALSE_cpu,short,FALSE,381.3022
Blacksmith,qatEmbeddingBag,qatEmbeddingBag_embeddingbags10_dim64_modesum_input_size64_offset0_sparseFALSE_include_last_offsetTrue_cpu,short,FALSE,374.2793
Blacksmith,qatEmbeddingBag,qatEmbeddingBag_embeddingbags10_dim64_modesum_input_size64_offset0_sparseFALSE_include_last_offsetFALSE_cpu,short,FALSE,390.4843
Blacksmith,qatEmbeddingBag,qatEmbeddingBag_embeddingbags120_dim64_modesum_input_size8_offset0_sparseFALSE_include_last_offsetTrue_cpu,short,FALSE,430.9984
Blacksmith,qatEmbeddingBag,qatEmbeddingBag_embeddingbags120_dim64_modesum_input_size8_offset0_sparseFALSE_include_last_offsetFALSE_cpu,short,FALSE,445.2845
Blacksmith,qatEmbeddingBag,qatEmbeddingBag_embeddingbags120_dim64_modesum_input_size16_offset0_sparseFALSE_include_last_offsetTrue_cpu,short,FALSE,433.8101
Blacksmith,qatEmbeddingBag,qatEmbeddingBag_embeddingbags120_dim64_modesum_input_size16_offset0_sparseFALSE_include_last_offsetFALSE_cpu,short,FALSE,451.0111
Blacksmith,qatEmbeddingBag,qatEmbeddingBag_embeddingbags120_dim64_modesum_input_size64_offset0_sparseFALSE_include_last_offsetTrue_cpu,short,FALSE,438.0377
Blacksmith,qatEmbeddingBag,qatEmbeddingBag_embeddingbags120_dim64_modesum_input_size64_offset0_sparseFALSE_include_last_offsetFALSE_cpu,short,FALSE,453.5154
Blacksmith,qatEmbeddingBag,qatEmbeddingBag_embeddingbags1000_dim64_modesum_input_size8_offset0_sparseFALSE_include_last_offsetTrue_cpu,short,FALSE,709.668
Blacksmith,qatEmbeddingBag,qatEmbeddingBag_embeddingbags1000_dim64_modesum_input_size8_offset0_sparseFALSE_include_last_offsetFALSE_cpu,short,FALSE,721.3673
Blacksmith,qatEmbeddingBag,qatEmbeddingBag_embeddingbags1000_dim64_modesum_input_size16_offset0_sparseFALSE_include_last_offsetTrue_cpu,short,FALSE,710.1981
Blacksmith,qatEmbeddingBag,qatEmbeddingBag_embeddingbags1000_dim64_modesum_input_size16_offset0_sparseFALSE_include_last_offsetFALSE_cpu,short,FALSE,721.1726
Blacksmith,qatEmbeddingBag,qatEmbeddingBag_embeddingbags1000_dim64_modesum_input_size64_offset0_sparseFALSE_include_last_offsetTrue_cpu,short,FALSE,710.6612
Blacksmith,qatEmbeddingBag,qatEmbeddingBag_embeddingbags1000_dim64_modesum_input_size64_offset0_sparseFALSE_include_last_offsetFALSE_cpu,short,FALSE,723.0125
Blacksmith,qatEmbeddingBag,qatEmbeddingBag_embeddingbags2300_dim64_modesum_input_size8_offset0_sparseFALSE_include_last_offsetTrue_cpu,short,FALSE,713.4903
Blacksmith,qatEmbeddingBag,qatEmbeddingBag_embeddingbags2300_dim64_modesum_input_size8_offset0_sparseFALSE_include_last_offsetFALSE_cpu,short,FALSE,724.1643
Blacksmith,qatEmbeddingBag,qatEmbeddingBag_embeddingbags2300_dim64_modesum_input_size16_offset0_sparseFALSE_include_last_offsetTrue_cpu,short,FALSE,712.8765
Blacksmith,qatEmbeddingBag,qatEmbeddingBag_embeddingbags2300_dim64_modesum_input_size16_offset0_sparseFALSE_include_last_offsetFALSE_cpu,short,FALSE,724.4497
Blacksmith,qatEmbeddingBag,qatEmbeddingBag_embeddingbags2300_dim64_modesum_input_size64_offset0_sparseFALSE_include_last_offsetTrue_cpu,short,FALSE,714.4023
Blacksmith,qatEmbeddingBag,qatEmbeddingBag_embeddingbags2300_dim64_modesum_input_size64_offset0_sparseFALSE_include_last_offsetFALSE_cpu,short,FALSE,726.1041
Blacksmith,qatEmbeddingBag,qatEmbeddingBag_embeddingbags10_dim64_modesum_input_size8_offset0_sparseFALSE_include_last_offsetTrue_cpu_BACKWARD,short,TRUE,109.969
Blacksmith,qatEmbeddingBag,qatEmbeddingBag_embeddingbags10_dim64_modesum_input_size8_offset0_sparseFALSE_include_last_offsetFALSE_cpu_BACKWARD,short,TRUE,110.0344
Blacksmith,qatEmbeddingBag,qatEmbeddingBag_embeddingbags10_dim64_modesum_input_size16_offset0_sparseFALSE_include_last_offsetTrue_cpu_BACKWARD,short,TRUE,110.761
Blacksmith,qatEmbeddingBag,qatEmbeddingBag_embeddingbags10_dim64_modesum_input_size16_offset0_sparseFALSE_include_last_offsetFALSE_cpu_BACKWARD,short,TRUE,110.5783
Blacksmith,qatEmbeddingBag,qatEmbeddingBag_embeddingbags10_dim64_modesum_input_size64_offset0_sparseFALSE_include_last_offsetTrue_cpu_BACKWARD,short,TRUE,114.0811
Blacksmith,qatEmbeddingBag,qatEmbeddingBag_embeddingbags10_dim64_modesum_input_size64_offset0_sparseFALSE_include_last_offsetFALSE_cpu_BACKWARD,short,TRUE,114.2354
Blacksmith,qatEmbeddingBag,qatEmbeddingBag_embeddingbags120_dim64_modesum_input_size8_offset0_sparseFALSE_include_last_offsetTrue_cpu_BACKWARD,short,TRUE,132.7028
Blacksmith,qatEmbeddingBag,qatEmbeddingBag_embeddingbags120_dim64_modesum_input_size8_offset0_sparseFALSE_include_last_offsetFALSE_cpu_BACKWARD,short,TRUE,132.6065
Blacksmith,qatEmbeddingBag,qatEmbeddingBag_embeddingbags120_dim64_modesum_input_size16_offset0_sparseFALSE_include_last_offsetTrue_cpu_BACKWARD,short,TRUE,133.5545
Blacksmith,qatEmbeddingBag,qatEmbeddingBag_embeddingbags120_dim64_modesum_input_size16_offset0_sparseFALSE_include_last_offsetFALSE_cpu_BACKWARD,short,TRUE,133.6274
Blacksmith,qatEmbeddingBag,qatEmbeddingBag_embeddingbags120_dim64_modesum_input_size64_offset0_sparseFALSE_include_last_offsetTrue_cpu_BACKWARD,short,TRUE,137.6377
Blacksmith,qatEmbeddingBag,qatEmbeddingBag_embeddingbags120_dim64_modesum_input_size64_offset0_sparseFALSE_include_last_offsetFALSE_cpu_BACKWARD,short,TRUE,137.5045
Blacksmith,qatEmbeddingBag,qatEmbeddingBag_embeddingbags1000_dim64_modesum_input_size8_offset0_sparseFALSE_include_last_offsetTrue_cpu_BACKWARD,short,TRUE,221.7957
Blacksmith,qatEmbeddingBag,qatEmbeddingBag_embeddingbags1000_dim64_modesum_input_size8_offset0_sparseFALSE_include_last_offsetFALSE_cpu_BACKWARD,short,TRUE,221.4864
Blacksmith,qatEmbeddingBag,qatEmbeddingBag_embeddingbags1000_dim64_modesum_input_size16_offset0_sparseFALSE_include_last_offsetTrue_cpu_BACKWARD,short,TRUE,222.7084
Blacksmith,qatEmbeddingBag,qatEmbeddingBag_embeddingbags1000_dim64_modesum_input_size16_offset0_sparseFALSE_include_last_offsetFALSE_cpu_BACKWARD,short,TRUE,222.4641
Blacksmith,qatEmbeddingBag,qatEmbeddingBag_embeddingbags1000_dim64_modesum_input_size64_offset0_sparseFALSE_include_last_offsetTrue_cpu_BACKWARD,short,TRUE,229.7689
Blacksmith,qatEmbeddingBag,qatEmbeddingBag_embeddingbags1000_dim64_modesum_input_size64_offset0_sparseFALSE_include_last_offsetFALSE_cpu_BACKWARD,short,TRUE,229.6451
Blacksmith,qatEmbeddingBag,qatEmbeddingBag_embeddingbags2300_dim64_modesum_input_size8_offset0_sparseFALSE_include_last_offsetTrue_cpu_BACKWARD,short,TRUE,216.9278
Blacksmith,qatEmbeddingBag,qatEmbeddingBag_embeddingbags2300_dim64_modesum_input_size8_offset0_sparseFALSE_include_last_offsetFALSE_cpu_BACKWARD,short,TRUE,216.7878
Blacksmith,qatEmbeddingBag,qatEmbeddingBag_embeddingbags2300_dim64_modesum_input_size16_offset0_sparseFALSE_include_last_offsetTrue_cpu_BACKWARD,short,TRUE,218.8793
Blacksmith,qatEmbeddingBag,qatEmbeddingBag_embeddingbags2300_dim64_modesum_input_size16_offset0_sparseFALSE_include_last_offsetFALSE_cpu_BACKWARD,short,TRUE,217.6596
Blacksmith,qatEmbeddingBag,qatEmbeddingBag_embeddingbags2300_dim64_modesum_input_size64_offset0_sparseFALSE_include_last_offsetTrue_cpu_BACKWARD,short,TRUE,227.4012
Blacksmith,qatEmbeddingBag,qatEmbeddingBag_embeddingbags2300_dim64_modesum_input_size64_offset0_sparseFALSE_include_last_offsetFALSE_cpu_BACKWARD,short,TRUE,226.5648
Blacksmith,qatEmbedding,qatEmbedding_num_embeddings10_embedding_dim64_input_size8_cpu,short,FALSE,290.8695
Blacksmith,qatEmbedding,qatEmbedding_num_embeddings10_embedding_dim64_input_size16_cpu,short,FALSE,290.7763
Blacksmith,qatEmbedding,qatEmbedding_num_embeddings10_embedding_dim64_input_size64_cpu,short,FALSE,297.0648
Blacksmith,qatEmbedding,qatEmbedding_num_embeddings120_embedding_dim64_input_size8_cpu,short,FALSE,403.8592
Blacksmith,qatEmbedding,qatEmbedding_num_embeddings120_embedding_dim64_input_size16_cpu,short,FALSE,403.8437
Blacksmith,qatEmbedding,qatEmbedding_num_embeddings120_embedding_dim64_input_size64_cpu,short,FALSE,409.9157
Blacksmith,qatEmbedding,qatEmbedding_num_embeddings1000_embedding_dim64_input_size8_cpu,short,FALSE,671.7752
Blacksmith,qatEmbedding,qatEmbedding_num_embeddings1000_embedding_dim64_input_size16_cpu,short,FALSE,672.3172
Blacksmith,qatEmbedding,qatEmbedding_num_embeddings1000_embedding_dim64_input_size64_cpu,short,FALSE,676.8372
Blacksmith,qatEmbedding,qatEmbedding_num_embeddings2300_embedding_dim64_input_size8_cpu,short,FALSE,674.6064
Blacksmith,qatEmbedding,qatEmbedding_num_embeddings2300_embedding_dim64_input_size16_cpu,short,FALSE,675.0676
Blacksmith,qatEmbedding,qatEmbedding_num_embeddings2300_embedding_dim64_input_size64_cpu,short,FALSE,680.827
Blacksmith,qatEmbedding,qatEmbedding_num_embeddings10_embedding_dim64_input_size8_cpu_BACKWARD,short,TRUE,79.0452
Blacksmith,qatEmbedding,qatEmbedding_num_embeddings10_embedding_dim64_input_size16_cpu_BACKWARD,short,TRUE,80.1169
Blacksmith,qatEmbedding,qatEmbedding_num_embeddings10_embedding_dim64_input_size64_cpu_BACKWARD,short,TRUE,88.6495
Blacksmith,qatEmbedding,qatEmbedding_num_embeddings120_embedding_dim64_input_size8_cpu_BACKWARD,short,TRUE,96.7162
Blacksmith,qatEmbedding,qatEmbedding_num_embeddings120_embedding_dim64_input_size16_cpu_BACKWARD,short,TRUE,97.7005
Blacksmith,qatEmbedding,qatEmbedding_num_embeddings120_embedding_dim64_input_size64_cpu_BACKWARD,short,TRUE,106.7757
Blacksmith,qatEmbedding,qatEmbedding_num_embeddings1000_embedding_dim64_input_size8_cpu_BACKWARD,short,TRUE,175.1056
Blacksmith,qatEmbedding,qatEmbedding_num_embeddings1000_embedding_dim64_input_size16_cpu_BACKWARD,short,TRUE,176.8257
Blacksmith,qatEmbedding,qatEmbedding_num_embeddings1000_embedding_dim64_input_size64_cpu_BACKWARD,short,TRUE,190.8659
Blacksmith,qatEmbedding,qatEmbedding_num_embeddings2300_embedding_dim64_input_size8_cpu_BACKWARD,short,TRUE,171.2972
Blacksmith,qatEmbedding,qatEmbedding_num_embeddings2300_embedding_dim64_input_size16_cpu_BACKWARD,short,TRUE,172.8735
Blacksmith,qatEmbedding,qatEmbedding_num_embeddings2300_embedding_dim64_input_size64_cpu_BACKWARD,short,TRUE,183.3709
Blacksmith,QBatchNorm1d,QBatchNorm1d_M1_N256_K3136_cpu_dtypesmith.qint8,short,FALSE,153.9832
Blacksmith,QBatchNorm2d,QBatchNorm2d_M1_N256_K3136_cpu_dtypesmith.qint8,short,FALSE,61.4478
Blacksmith,qcat,qcat_M256_N512_K1_L2_dim0_contigall_dtypesmith.quint8,short,FALSE,104.9221
Blacksmith,qcat,qcat_M256_N512_K1_L2_dim0_contigall_dtypesmith.qint8,short,FALSE,104.7472
Blacksmith,qcat,qcat_M256_N512_K1_L2_dim0_contigall_dtypesmith.qint32,short,FALSE,128.8396
Blacksmith,qcat,qcat_M256_N512_K1_L2_dim0_contigone_dtypesmith.quint8,short,FALSE,155.9432
Blacksmith,qcat,qcat_M256_N512_K1_L2_dim0_contigone_dtypesmith.qint8,short,FALSE,155.3885
Blacksmith,qcat,qcat_M256_N512_K1_L2_dim0_contigone_dtypesmith.qint32,short,FALSE,188.1577
Blacksmith,qcat,qcat_M256_N512_K1_L2_dim0_contignone_dtypesmith.quint8,short,FALSE,190.7007
Blacksmith,qcat,qcat_M256_N512_K1_L2_dim0_contignone_dtypesmith.qint8,short,FALSE,192.4179
Blacksmith,qcat,qcat_M256_N512_K1_L2_dim0_contignone_dtypesmith.qint32,short,FALSE,231.5225
Blacksmith,qcat,qcat_M512_N512_K2_L1_dim1_contigall_dtypesmith.quint8,short,FALSE,129.3093
Blacksmith,qcat,qcat_M512_N512_K2_L1_dim1_contigall_dtypesmith.qint8,short,FALSE,128.2626
Blacksmith,qcat,qcat_M512_N512_K2_L1_dim1_contigall_dtypesmith.qint32,short,FALSE,271.3915
Blacksmith,qcat,qcat_M512_N512_K2_L1_dim1_contigone_dtypesmith.quint8,short,FALSE,191.3597
Blacksmith,qcat,qcat_M512_N512_K2_L1_dim1_contigone_dtypesmith.qint8,short,FALSE,191.134
Blacksmith,qcat,qcat_M512_N512_K2_L1_dim1_contigone_dtypesmith.qint32,short,FALSE,397.2508
Blacksmith,qcat,qcat_M512_N512_K2_L1_dim1_contignone_dtypesmith.quint8,short,FALSE,237.8599
Blacksmith,qcat,qcat_M512_N512_K2_L1_dim1_contignone_dtypesmith.qint8,short,FALSE,240.6118
Blacksmith,qcat,qcat_M512_N512_K2_L1_dim1_contignone_dtypesmith.qint32,short,FALSE,506.6646
Blacksmith,eq,eq_N8_dtypesmith.quint8_contigFALSE_other_scalarFALSE_out_variantFALSE,short,FALSE,18.4297
Blacksmith,eq,eq_N8_dtypesmith.quint8_contigFALSE_other_scalarFALSE_out_variantTrue,short,FALSE,30.0997
Blacksmith,eq,eq_N8_dtypesmith.quint8_contigFALSE_other_scalarTrue_out_variantFALSE,short,FALSE,18.7053
Blacksmith,eq,eq_N8_dtypesmith.quint8_contigFALSE_other_scalarTrue_out_variantTrue,short,FALSE,30.9015
Blacksmith,eq,eq_N8_dtypesmith.quint8_contigTrue_other_scalarFALSE_out_variantFALSE,short,FALSE,14.0206
Blacksmith,eq,eq_N8_dtypesmith.quint8_contigTrue_other_scalarFALSE_out_variantTrue,short,FALSE,25.1004
Blacksmith,eq,eq_N8_dtypesmith.quint8_contigTrue_other_scalarTrue_out_variantFALSE,short,FALSE,14.6579
Blacksmith,eq,eq_N8_dtypesmith.quint8_contigTrue_other_scalarTrue_out_variantTrue,short,FALSE,26.3904
Blacksmith,eq,eq_N8_dtypesmith.qint8_contigFALSE_other_scalarFALSE_out_variantFALSE,short,FALSE,18.3498
Blacksmith,eq,eq_N8_dtypesmith.qint8_contigFALSE_other_scalarFALSE_out_variantTrue,short,FALSE,30.0453
Blacksmith,eq,eq_N8_dtypesmith.qint8_contigFALSE_other_scalarTrue_out_variantFALSE,short,FALSE,18.6204
Blacksmith,eq,eq_N8_dtypesmith.qint8_contigFALSE_other_scalarTrue_out_variantTrue,short,FALSE,30.9011
Blacksmith,eq,eq_N8_dtypesmith.qint8_contigTrue_other_scalarFALSE_out_variantFALSE,short,FALSE,14.0282
Blacksmith,eq,eq_N8_dtypesmith.qint8_contigTrue_other_scalarFALSE_out_variantTrue,short,FALSE,25.1237
Blacksmith,eq,eq_N8_dtypesmith.qint8_contigTrue_other_scalarTrue_out_variantFALSE,short,FALSE,14.5881
Blacksmith,eq,eq_N8_dtypesmith.qint8_contigTrue_other_scalarTrue_out_variantTrue,short,FALSE,26.3807
Blacksmith,eq,eq_N8_dtypesmith.qint32_contigFALSE_other_scalarFALSE_out_variantFALSE,short,FALSE,18.5953
Blacksmith,eq,eq_N8_dtypesmith.qint32_contigFALSE_other_scalarFALSE_out_variantTrue,short,FALSE,30.3007
Blacksmith,eq,eq_N8_dtypesmith.qint32_contigFALSE_other_scalarTrue_out_variantFALSE,short,FALSE,18.6519
Blacksmith,eq,eq_N8_dtypesmith.qint32_contigFALSE_other_scalarTrue_out_variantTrue,short,FALSE,30.9558
Blacksmith,eq,eq_N8_dtypesmith.qint32_contigTrue_other_scalarFALSE_out_variantFALSE,short,FALSE,14.0615
Blacksmith,eq,eq_N8_dtypesmith.qint32_contigTrue_other_scalarFALSE_out_variantTrue,short,FALSE,25.2629
Blacksmith,eq,eq_N8_dtypesmith.qint32_contigTrue_other_scalarTrue_out_variantFALSE,short,FALSE,14.6217
Blacksmith,eq,eq_N8_dtypesmith.qint32_contigTrue_other_scalarTrue_out_variantTrue,short,FALSE,26.4081
Blacksmith,eq,eq_N64_dtypesmith.quint8_contigFALSE_other_scalarFALSE_out_variantFALSE,short,FALSE,32.5281
Blacksmith,eq,eq_N64_dtypesmith.quint8_contigFALSE_other_scalarFALSE_out_variantTrue,short,FALSE,46.3943
Blacksmith,eq,eq_N64_dtypesmith.quint8_contigFALSE_other_scalarTrue_out_variantFALSE,short,FALSE,32.9841
Blacksmith,eq,eq_N64_dtypesmith.quint8_contigFALSE_other_scalarTrue_out_variantTrue,short,FALSE,45.4013
Blacksmith,eq,eq_N64_dtypesmith.quint8_contigTrue_other_scalarFALSE_out_variantFALSE,short,FALSE,25.19
Blacksmith,eq,eq_N64_dtypesmith.quint8_contigTrue_other_scalarFALSE_out_variantTrue,short,FALSE,37.6235
Blacksmith,eq,eq_N64_dtypesmith.quint8_contigTrue_other_scalarTrue_out_variantFALSE,short,FALSE,24.520375
Blacksmith,eq,eq_N64_dtypesmith.quint8_contigTrue_other_scalarTrue_out_variantTrue,short,FALSE,37.521875
Blacksmith,eq,eq_N64_dtypesmith.qint8_contigFALSE_other_scalarFALSE_out_variantFALSE,short,FALSE,33.144625
Blacksmith,eq,eq_N64_dtypesmith.qint8_contigFALSE_other_scalarFALSE_out_variantTrue,short,FALSE,47.185375
Blacksmith,eq,eq_N64_dtypesmith.qint8_contigFALSE_other_scalarTrue_out_variantFALSE,short,FALSE,33.52025
Blacksmith,eq,eq_N64_dtypesmith.qint8_contigFALSE_other_scalarTrue_out_variantTrue,short,FALSE,46.367375
Blacksmith,eq,eq_N64_dtypesmith.qint8_contigTrue_other_scalarFALSE_out_variantFALSE,short,FALSE,25.179625
Blacksmith,eq,eq_N64_dtypesmith.qint8_contigTrue_other_scalarFALSE_out_variantTrue,short,FALSE,38.30575
Blacksmith,eq,eq_N64_dtypesmith.qint8_contigTrue_other_scalarTrue_out_variantFALSE,short,FALSE,24.608625
Blacksmith,eq,eq_N64_dtypesmith.qint8_contigTrue_other_scalarTrue_out_variantTrue,short,FALSE,36.7722
Blacksmith,eq,eq_N64_dtypesmith.qint32_contigFALSE_other_scalarFALSE_out_variantFALSE,short,FALSE,34.2642
Blacksmith,eq,eq_N64_dtypesmith.qint32_contigFALSE_other_scalarFALSE_out_variantTrue,short,FALSE,48.2449
Blacksmith,eq,eq_N64_dtypesmith.qint32_contigFALSE_other_scalarTrue_out_variantFALSE,short,FALSE,34.0771
Blacksmith,eq,eq_N64_dtypesmith.qint32_contigFALSE_other_scalarTrue_out_variantTrue,short,FALSE,46.5628
Blacksmith,eq,eq_N64_dtypesmith.qint32_contigTrue_other_scalarFALSE_out_variantFALSE,short,FALSE,24.3846
Blacksmith,eq,eq_N64_dtypesmith.qint32_contigTrue_other_scalarFALSE_out_variantTrue,short,FALSE,37.5572
Blacksmith,eq,eq_N64_dtypesmith.qint32_contigTrue_other_scalarTrue_out_variantFALSE,short,FALSE,24.827125
Blacksmith,eq,eq_N64_dtypesmith.qint32_contigTrue_other_scalarTrue_out_variantTrue,short,FALSE,36.9891
Blacksmith,ne,ne_N8_dtypesmith.quint8_contigFALSE_other_scalarFALSE_out_variantFALSE,short,FALSE,18.5395
Blacksmith,ne,ne_N8_dtypesmith.quint8_contigFALSE_other_scalarFALSE_out_variantTrue,short,FALSE,30.1835
Blacksmith,ne,ne_N8_dtypesmith.quint8_contigFALSE_other_scalarTrue_out_variantFALSE,short,FALSE,18.682
Blacksmith,ne,ne_N8_dtypesmith.quint8_contigFALSE_other_scalarTrue_out_variantTrue,short,FALSE,30.7864
Blacksmith,ne,ne_N8_dtypesmith.quint8_contigTrue_other_scalarFALSE_out_variantFALSE,short,FALSE,14.1007
Blacksmith,ne,ne_N8_dtypesmith.quint8_contigTrue_other_scalarFALSE_out_variantTrue,short,FALSE,25.0939
Blacksmith,ne,ne_N8_dtypesmith.quint8_contigTrue_other_scalarTrue_out_variantFALSE,short,FALSE,14.644
Blacksmith,ne,ne_N8_dtypesmith.quint8_contigTrue_other_scalarTrue_out_variantTrue,short,FALSE,26.2399
Blacksmith,ne,ne_N8_dtypesmith.qint8_contigFALSE_other_scalarFALSE_out_variantFALSE,short,FALSE,18.4854
Blacksmith,ne,ne_N8_dtypesmith.qint8_contigFALSE_other_scalarFALSE_out_variantTrue,short,FALSE,30.09
Blacksmith,ne,ne_N8_dtypesmith.qint8_contigFALSE_other_scalarTrue_out_variantFALSE,short,FALSE,18.5728
Blacksmith,ne,ne_N8_dtypesmith.qint8_contigFALSE_other_scalarTrue_out_variantTrue,short,FALSE,30.7568
Blacksmith,ne,ne_N8_dtypesmith.qint8_contigTrue_other_scalarFALSE_out_variantFALSE,short,FALSE,14.0606
Blacksmith,ne,ne_N8_dtypesmith.qint8_contigTrue_other_scalarFALSE_out_variantTrue,short,FALSE,25.0656
Blacksmith,ne,ne_N8_dtypesmith.qint8_contigTrue_other_scalarTrue_out_variantFALSE,short,FALSE,14.5755
Blacksmith,ne,ne_N8_dtypesmith.qint8_contigTrue_other_scalarTrue_out_variantTrue,short,FALSE,26.186
Blacksmith,ne,ne_N8_dtypesmith.qint32_contigFALSE_other_scalarFALSE_out_variantFALSE,short,FALSE,18.6756
Blacksmith,ne,ne_N8_dtypesmith.qint32_contigFALSE_other_scalarFALSE_out_variantTrue,short,FALSE,30.2891
Blacksmith,ne,ne_N8_dtypesmith.qint32_contigFALSE_other_scalarTrue_out_variantFALSE,short,FALSE,18.5692
Blacksmith,ne,ne_N8_dtypesmith.qint32_contigFALSE_other_scalarTrue_out_variantTrue,short,FALSE,30.8301
Blacksmith,ne,ne_N8_dtypesmith.qint32_contigTrue_other_scalarFALSE_out_variantFALSE,short,FALSE,14.193
Blacksmith,ne,ne_N8_dtypesmith.qint32_contigTrue_other_scalarFALSE_out_variantTrue,short,FALSE,25.2332
Blacksmith,ne,ne_N8_dtypesmith.qint32_contigTrue_other_scalarTrue_out_variantFALSE,short,FALSE,14.6213
Blacksmith,ne,ne_N8_dtypesmith.qint32_contigTrue_other_scalarTrue_out_variantTrue,short,FALSE,26.2713
Blacksmith,ne,ne_N64_dtypesmith.quint8_contigFALSE_other_scalarFALSE_out_variantFALSE,short,FALSE,30.6881
Blacksmith,ne,ne_N64_dtypesmith.quint8_contigFALSE_other_scalarFALSE_out_variantTrue,short,FALSE,44.4952
Blacksmith,ne,ne_N64_dtypesmith.quint8_contigFALSE_other_scalarTrue_out_variantFALSE,short,FALSE,30.8194
Blacksmith,ne,ne_N64_dtypesmith.quint8_contigFALSE_other_scalarTrue_out_variantTrue,short,FALSE,43.33
Blacksmith,ne,ne_N64_dtypesmith.quint8_contigTrue_other_scalarFALSE_out_variantFALSE,short,FALSE,22.112
Blacksmith,ne,ne_N64_dtypesmith.quint8_contigTrue_other_scalarFALSE_out_variantTrue,short,FALSE,35.6978
Blacksmith,ne,ne_N64_dtypesmith.quint8_contigTrue_other_scalarTrue_out_variantFALSE,short,FALSE,21.6752
Blacksmith,ne,ne_N64_dtypesmith.quint8_contigTrue_other_scalarTrue_out_variantTrue,short,FALSE,34.7569
Blacksmith,ne,ne_N64_dtypesmith.qint8_contigFALSE_other_scalarFALSE_out_variantFALSE,short,FALSE,30.6535
Blacksmith,ne,ne_N64_dtypesmith.qint8_contigFALSE_other_scalarFALSE_out_variantTrue,short,FALSE,44.3514
Blacksmith,ne,ne_N64_dtypesmith.qint8_contigFALSE_other_scalarTrue_out_variantFALSE,short,FALSE,30.8102
Blacksmith,ne,ne_N64_dtypesmith.qint8_contigFALSE_other_scalarTrue_out_variantTrue,short,FALSE,42.2606
Blacksmith,ne,ne_N64_dtypesmith.qint8_contigTrue_other_scalarFALSE_out_variantFALSE,short,FALSE,22.7416
Blacksmith,ne,ne_N64_dtypesmith.qint8_contigTrue_other_scalarFALSE_out_variantTrue,short,FALSE,35.675
Blacksmith,ne,ne_N64_dtypesmith.qint8_contigTrue_other_scalarTrue_out_variantFALSE,short,FALSE,21.4435
Blacksmith,ne,ne_N64_dtypesmith.qint8_contigTrue_other_scalarTrue_out_variantTrue,short,FALSE,34.6755
Blacksmith,ne,ne_N64_dtypesmith.qint32_contigFALSE_other_scalarFALSE_out_variantFALSE,short,FALSE,32.4963
Blacksmith,ne,ne_N64_dtypesmith.qint32_contigFALSE_other_scalarFALSE_out_variantTrue,short,FALSE,45.9445
Blacksmith,ne,ne_N64_dtypesmith.qint32_contigFALSE_other_scalarTrue_out_variantFALSE,short,FALSE,32.1904
Blacksmith,ne,ne_N64_dtypesmith.qint32_contigFALSE_other_scalarTrue_out_variantTrue,short,FALSE,41.2365
Blacksmith,ne,ne_N64_dtypesmith.qint32_contigTrue_other_scalarFALSE_out_variantFALSE,short,FALSE,21.960125
Blacksmith,ne,ne_N64_dtypesmith.qint32_contigTrue_other_scalarFALSE_out_variantTrue,short,FALSE,35.6699
Blacksmith,ne,ne_N64_dtypesmith.qint32_contigTrue_other_scalarTrue_out_variantFALSE,short,FALSE,21.582625
Blacksmith,ne,ne_N64_dtypesmith.qint32_contigTrue_other_scalarTrue_out_variantTrue,short,FALSE,34.653
Blacksmith,lt,lt_N8_dtypesmith.quint8_contigFALSE_other_scalarFALSE_out_variantFALSE,short,FALSE,18.5126
Blacksmith,lt,lt_N8_dtypesmith.quint8_contigFALSE_other_scalarFALSE_out_variantTrue,short,FALSE,30.2293
Blacksmith,lt,lt_N8_dtypesmith.quint8_contigFALSE_other_scalarTrue_out_variantFALSE,short,FALSE,18.5979
Blacksmith,lt,lt_N8_dtypesmith.quint8_contigFALSE_other_scalarTrue_out_variantTrue,short,FALSE,30.9025
Blacksmith,lt,lt_N8_dtypesmith.quint8_contigTrue_other_scalarFALSE_out_variantFALSE,short,FALSE,14.0575
Blacksmith,lt,lt_N8_dtypesmith.quint8_contigTrue_other_scalarFALSE_out_variantTrue,short,FALSE,25.2111
Blacksmith,lt,lt_N8_dtypesmith.quint8_contigTrue_other_scalarTrue_out_variantFALSE,short,FALSE,14.6034
Blacksmith,lt,lt_N8_dtypesmith.quint8_contigTrue_other_scalarTrue_out_variantTrue,short,FALSE,26.3414
Blacksmith,lt,lt_N8_dtypesmith.qint8_contigFALSE_other_scalarFALSE_out_variantFALSE,short,FALSE,18.4161
Blacksmith,lt,lt_N8_dtypesmith.qint8_contigFALSE_other_scalarFALSE_out_variantTrue,short,FALSE,30.1066
Blacksmith,lt,lt_N8_dtypesmith.qint8_contigFALSE_other_scalarTrue_out_variantFALSE,short,FALSE,18.5909
Blacksmith,lt,lt_N8_dtypesmith.qint8_contigFALSE_other_scalarTrue_out_variantTrue,short,FALSE,30.8661
Blacksmith,lt,lt_N8_dtypesmith.qint8_contigTrue_other_scalarFALSE_out_variantFALSE,short,FALSE,14.0769
Blacksmith,lt,lt_N8_dtypesmith.qint8_contigTrue_other_scalarFALSE_out_variantTrue,short,FALSE,25.1281
Blacksmith,lt,lt_N8_dtypesmith.qint8_contigTrue_other_scalarTrue_out_variantFALSE,short,FALSE,14.5435
Blacksmith,lt,lt_N8_dtypesmith.qint8_contigTrue_other_scalarTrue_out_variantTrue,short,FALSE,26.3255
Blacksmith,lt,lt_N8_dtypesmith.qint32_contigFALSE_other_scalarFALSE_out_variantFALSE,short,FALSE,18.6525
Blacksmith,lt,lt_N8_dtypesmith.qint32_contigFALSE_other_scalarFALSE_out_variantTrue,short,FALSE,30.3766
Blacksmith,lt,lt_N8_dtypesmith.qint32_contigFALSE_other_scalarTrue_out_variantFALSE,short,FALSE,18.5673
Blacksmith,lt,lt_N8_dtypesmith.qint32_contigFALSE_other_scalarTrue_out_variantTrue,short,FALSE,30.9844
Blacksmith,lt,lt_N8_dtypesmith.qint32_contigTrue_other_scalarFALSE_out_variantFALSE,short,FALSE,14.1277
Blacksmith,lt,lt_N8_dtypesmith.qint32_contigTrue_other_scalarFALSE_out_variantTrue,short,FALSE,25.2652
Blacksmith,lt,lt_N8_dtypesmith.qint32_contigTrue_other_scalarTrue_out_variantFALSE,short,FALSE,14.6394
Blacksmith,lt,lt_N8_dtypesmith.qint32_contigTrue_other_scalarTrue_out_variantTrue,short,FALSE,26.3441
Blacksmith,lt,lt_N64_dtypesmith.quint8_contigFALSE_other_scalarFALSE_out_variantFALSE,short,FALSE,30.1368
Blacksmith,lt,lt_N64_dtypesmith.quint8_contigFALSE_other_scalarFALSE_out_variantTrue,short,FALSE,43.9901
Blacksmith,lt,lt_N64_dtypesmith.quint8_contigFALSE_other_scalarTrue_out_variantFALSE,short,FALSE,30.6197
Blacksmith,lt,lt_N64_dtypesmith.quint8_contigFALSE_other_scalarTrue_out_variantTrue,short,FALSE,42.5089
Blacksmith,lt,lt_N64_dtypesmith.quint8_contigTrue_other_scalarFALSE_out_variantFALSE,short,FALSE,22.0542
Blacksmith,lt,lt_N64_dtypesmith.quint8_contigTrue_other_scalarFALSE_out_variantTrue,short,FALSE,35.2108
Blacksmith,lt,lt_N64_dtypesmith.quint8_contigTrue_other_scalarTrue_out_variantFALSE,short,FALSE,21.4296
Blacksmith,lt,lt_N64_dtypesmith.quint8_contigTrue_other_scalarTrue_out_variantTrue,short,FALSE,34.3959
Blacksmith,lt,lt_N64_dtypesmith.qint8_contigFALSE_other_scalarFALSE_out_variantFALSE,short,FALSE,29.9856
Blacksmith,lt,lt_N64_dtypesmith.qint8_contigFALSE_other_scalarFALSE_out_variantTrue,short,FALSE,43.9188
Blacksmith,lt,lt_N64_dtypesmith.qint8_contigFALSE_other_scalarTrue_out_variantFALSE,short,FALSE,30.2664
Blacksmith,lt,lt_N64_dtypesmith.qint8_contigFALSE_other_scalarTrue_out_variantTrue,short,FALSE,42.332
Blacksmith,lt,lt_N64_dtypesmith.qint8_contigTrue_other_scalarFALSE_out_variantFALSE,short,FALSE,22.0548
Blacksmith,lt,lt_N64_dtypesmith.qint8_contigTrue_other_scalarFALSE_out_variantTrue,short,FALSE,35.1588
Blacksmith,lt,lt_N64_dtypesmith.qint8_contigTrue_other_scalarTrue_out_variantFALSE,short,FALSE,21.4009
Blacksmith,lt,lt_N64_dtypesmith.qint8_contigTrue_other_scalarTrue_out_variantTrue,short,FALSE,34.1072
Blacksmith,lt,lt_N64_dtypesmith.qint32_contigFALSE_other_scalarFALSE_out_variantFALSE,short,FALSE,31.7829
Blacksmith,lt,lt_N64_dtypesmith.qint32_contigFALSE_other_scalarFALSE_out_variantTrue,short,FALSE,45.85
Blacksmith,lt,lt_N64_dtypesmith.qint32_contigFALSE_other_scalarTrue_out_variantFALSE,short,FALSE,31.5806
Blacksmith,lt,lt_N64_dtypesmith.qint32_contigFALSE_other_scalarTrue_out_variantTrue,short,FALSE,41.043
Blacksmith,lt,lt_N64_dtypesmith.qint32_contigTrue_other_scalarFALSE_out_variantFALSE,short,FALSE,21.9851
Blacksmith,lt,lt_N64_dtypesmith.qint32_contigTrue_other_scalarFALSE_out_variantTrue,short,FALSE,35.1132
Blacksmith,lt,lt_N64_dtypesmith.qint32_contigTrue_other_scalarTrue_out_variantFALSE,short,FALSE,21.588
Blacksmith,lt,lt_N64_dtypesmith.qint32_contigTrue_other_scalarTrue_out_variantTrue,short,FALSE,34.695
Blacksmith,gt,gt_N8_dtypesmith.quint8_contigFALSE_other_scalarFALSE_out_variantFALSE,short,FALSE,18.5106
Blacksmith,gt,gt_N8_dtypesmith.quint8_contigFALSE_other_scalarFALSE_out_variantTrue,short,FALSE,30.1371
Blacksmith,gt,gt_N8_dtypesmith.quint8_contigFALSE_other_scalarTrue_out_variantFALSE,short,FALSE,18.6594
Blacksmith,gt,gt_N8_dtypesmith.quint8_contigFALSE_other_scalarTrue_out_variantTrue,short,FALSE,30.7381
Blacksmith,gt,gt_N8_dtypesmith.quint8_contigTrue_other_scalarFALSE_out_variantFALSE,short,FALSE,14.0487
Blacksmith,gt,gt_N8_dtypesmith.quint8_contigTrue_other_scalarFALSE_out_variantTrue,short,FALSE,25.078
Blacksmith,gt,gt_N8_dtypesmith.quint8_contigTrue_other_scalarTrue_out_variantFALSE,short,FALSE,14.6736
Blacksmith,gt,gt_N8_dtypesmith.quint8_contigTrue_other_scalarTrue_out_variantTrue,short,FALSE,26.1977
Blacksmith,gt,gt_N8_dtypesmith.qint8_contigFALSE_other_scalarFALSE_out_variantFALSE,short,FALSE,18.3725
Blacksmith,gt,gt_N8_dtypesmith.qint8_contigFALSE_other_scalarFALSE_out_variantTrue,short,FALSE,29.9698
Blacksmith,gt,gt_N8_dtypesmith.qint8_contigFALSE_other_scalarTrue_out_variantFALSE,short,FALSE,18.6123
Blacksmith,gt,gt_N8_dtypesmith.qint8_contigFALSE_other_scalarTrue_out_variantTrue,short,FALSE,30.6552
Blacksmith,gt,gt_N8_dtypesmith.qint8_contigTrue_other_scalarFALSE_out_variantFALSE,short,FALSE,14.0132
Blacksmith,gt,gt_N8_dtypesmith.qint8_contigTrue_other_scalarFALSE_out_variantTrue,short,FALSE,25.036
Blacksmith,gt,gt_N8_dtypesmith.qint8_contigTrue_other_scalarTrue_out_variantFALSE,short,FALSE,14.6138
Blacksmith,gt,gt_N8_dtypesmith.qint8_contigTrue_other_scalarTrue_out_variantTrue,short,FALSE,26.1466
Blacksmith,gt,gt_N8_dtypesmith.qint32_contigFALSE_other_scalarFALSE_out_variantFALSE,short,FALSE,18.6191
Blacksmith,gt,gt_N8_dtypesmith.qint32_contigFALSE_other_scalarFALSE_out_variantTrue,short,FALSE,30.2911
Blacksmith,gt,gt_N8_dtypesmith.qint32_contigFALSE_other_scalarTrue_out_variantFALSE,short,FALSE,18.567
Blacksmith,gt,gt_N8_dtypesmith.qint32_contigFALSE_other_scalarTrue_out_variantTrue,short,FALSE,30.8132
Blacksmith,gt,gt_N8_dtypesmith.qint32_contigTrue_other_scalarFALSE_out_variantFALSE,short,FALSE,14.0952
Blacksmith,gt,gt_N8_dtypesmith.qint32_contigTrue_other_scalarFALSE_out_variantTrue,short,FALSE,25.1532
Blacksmith,gt,gt_N8_dtypesmith.qint32_contigTrue_other_scalarTrue_out_variantFALSE,short,FALSE,14.6421
Blacksmith,gt,gt_N8_dtypesmith.qint32_contigTrue_other_scalarTrue_out_variantTrue,short,FALSE,26.2205
Blacksmith,gt,gt_N64_dtypesmith.quint8_contigFALSE_other_scalarFALSE_out_variantFALSE,short,FALSE,30.0702
Blacksmith,gt,gt_N64_dtypesmith.quint8_contigFALSE_other_scalarFALSE_out_variantTrue,short,FALSE,43.8646
Blacksmith,gt,gt_N64_dtypesmith.quint8_contigFALSE_other_scalarTrue_out_variantFALSE,short,FALSE,30.6099
Blacksmith,gt,gt_N64_dtypesmith.quint8_contigFALSE_other_scalarTrue_out_variantTrue,short,FALSE,42.0542
Blacksmith,gt,gt_N64_dtypesmith.quint8_contigTrue_other_scalarFALSE_out_variantFALSE,short,FALSE,22.0923
Blacksmith,gt,gt_N64_dtypesmith.quint8_contigTrue_other_scalarFALSE_out_variantTrue,short,FALSE,35.0654
Blacksmith,gt,gt_N64_dtypesmith.quint8_contigTrue_other_scalarTrue_out_variantFALSE,short,FALSE,21.6026
Blacksmith,gt,gt_N64_dtypesmith.quint8_contigTrue_other_scalarTrue_out_variantTrue,short,FALSE,33.8391
Blacksmith,gt,gt_N64_dtypesmith.qint8_contigFALSE_other_scalarFALSE_out_variantFALSE,short,FALSE,29.8884
Blacksmith,gt,gt_N64_dtypesmith.qint8_contigFALSE_other_scalarFALSE_out_variantTrue,short,FALSE,43.8855
Blacksmith,gt,gt_N64_dtypesmith.qint8_contigFALSE_other_scalarTrue_out_variantFALSE,short,FALSE,30.344
Blacksmith,gt,gt_N64_dtypesmith.qint8_contigFALSE_other_scalarTrue_out_variantTrue,short,FALSE,42.4249
Blacksmith,gt,gt_N64_dtypesmith.qint8_contigTrue_other_scalarFALSE_out_variantFALSE,short,FALSE,22.0377
Blacksmith,gt,gt_N64_dtypesmith.qint8_contigTrue_other_scalarFALSE_out_variantTrue,short,FALSE,35.0056
Blacksmith,gt,gt_N64_dtypesmith.qint8_contigTrue_other_scalarTrue_out_variantFALSE,short,FALSE,21.6264
Blacksmith,gt,gt_N64_dtypesmith.qint8_contigTrue_other_scalarTrue_out_variantTrue,short,FALSE,34.0507
Blacksmith,gt,gt_N64_dtypesmith.qint32_contigFALSE_other_scalarFALSE_out_variantFALSE,short,FALSE,31.7842
Blacksmith,gt,gt_N64_dtypesmith.qint32_contigFALSE_other_scalarFALSE_out_variantTrue,short,FALSE,45.8158
Blacksmith,gt,gt_N64_dtypesmith.qint32_contigFALSE_other_scalarTrue_out_variantFALSE,short,FALSE,31.5994
Blacksmith,gt,gt_N64_dtypesmith.qint32_contigFALSE_other_scalarTrue_out_variantTrue,short,FALSE,41.2045
Blacksmith,gt,gt_N64_dtypesmith.qint32_contigTrue_other_scalarFALSE_out_variantFALSE,short,FALSE,21.956
Blacksmith,gt,gt_N64_dtypesmith.qint32_contigTrue_other_scalarFALSE_out_variantTrue,short,FALSE,34.9384
Blacksmith,gt,gt_N64_dtypesmith.qint32_contigTrue_other_scalarTrue_out_variantFALSE,short,FALSE,21.7229
Blacksmith,gt,gt_N64_dtypesmith.qint32_contigTrue_other_scalarTrue_out_variantTrue,short,FALSE,34.1293
Blacksmith,le,le_N8_dtypesmith.quint8_contigFALSE_other_scalarFALSE_out_variantFALSE,short,FALSE,18.4409
Blacksmith,le,le_N8_dtypesmith.quint8_contigFALSE_other_scalarFALSE_out_variantTrue,short,FALSE,30.0634
Blacksmith,le,le_N8_dtypesmith.quint8_contigFALSE_other_scalarTrue_out_variantFALSE,short,FALSE,18.602
Blacksmith,le,le_N8_dtypesmith.quint8_contigFALSE_other_scalarTrue_out_variantTrue,short,FALSE,30.7537
Blacksmith,le,le_N8_dtypesmith.quint8_contigTrue_other_scalarFALSE_out_variantFALSE,short,FALSE,14.0882
Blacksmith,le,le_N8_dtypesmith.quint8_contigTrue_other_scalarFALSE_out_variantTrue,short,FALSE,25.0023
Blacksmith,le,le_N8_dtypesmith.quint8_contigTrue_other_scalarTrue_out_variantFALSE,short,FALSE,14.6048
Blacksmith,le,le_N8_dtypesmith.quint8_contigTrue_other_scalarTrue_out_variantTrue,short,FALSE,26.2668
Blacksmith,le,le_N8_dtypesmith.qint8_contigFALSE_other_scalarFALSE_out_variantFALSE,short,FALSE,18.4064
Blacksmith,le,le_N8_dtypesmith.qint8_contigFALSE_other_scalarFALSE_out_variantTrue,short,FALSE,29.96
Blacksmith,le,le_N8_dtypesmith.qint8_contigFALSE_other_scalarTrue_out_variantFALSE,short,FALSE,18.599
Blacksmith,le,le_N8_dtypesmith.qint8_contigFALSE_other_scalarTrue_out_variantTrue,short,FALSE,30.6939
Blacksmith,le,le_N8_dtypesmith.qint8_contigTrue_other_scalarFALSE_out_variantFALSE,short,FALSE,14.1344
Blacksmith,le,le_N8_dtypesmith.qint8_contigTrue_other_scalarFALSE_out_variantTrue,short,FALSE,24.9514
Blacksmith,le,le_N8_dtypesmith.qint8_contigTrue_other_scalarTrue_out_variantFALSE,short,FALSE,14.5767
Blacksmith,le,le_N8_dtypesmith.qint8_contigTrue_other_scalarTrue_out_variantTrue,short,FALSE,26.2132
Blacksmith,le,le_N8_dtypesmith.qint32_contigFALSE_other_scalarFALSE_out_variantFALSE,short,FALSE,18.6484
Blacksmith,le,le_N8_dtypesmith.qint32_contigFALSE_other_scalarFALSE_out_variantTrue,short,FALSE,30.2545
Blacksmith,le,le_N8_dtypesmith.qint32_contigFALSE_other_scalarTrue_out_variantFALSE,short,FALSE,18.5295
Blacksmith,le,le_N8_dtypesmith.qint32_contigFALSE_other_scalarTrue_out_variantTrue,short,FALSE,30.7238
Blacksmith,le,le_N8_dtypesmith.qint32_contigTrue_other_scalarFALSE_out_variantFALSE,short,FALSE,14.2001
Blacksmith,le,le_N8_dtypesmith.qint32_contigTrue_other_scalarFALSE_out_variantTrue,short,FALSE,25.0923
Blacksmith,le,le_N8_dtypesmith.qint32_contigTrue_other_scalarTrue_out_variantFALSE,short,FALSE,14.6029
Blacksmith,le,le_N8_dtypesmith.qint32_contigTrue_other_scalarTrue_out_variantTrue,short,FALSE,26.2461
Blacksmith,le,le_N64_dtypesmith.quint8_contigFALSE_other_scalarFALSE_out_variantFALSE,short,FALSE,29.6869
Blacksmith,le,le_N64_dtypesmith.quint8_contigFALSE_other_scalarFALSE_out_variantTrue,short,FALSE,43.5843
Blacksmith,le,le_N64_dtypesmith.quint8_contigFALSE_other_scalarTrue_out_variantFALSE,short,FALSE,30.3092
Blacksmith,le,le_N64_dtypesmith.quint8_contigFALSE_other_scalarTrue_out_variantTrue,short,FALSE,42.2157
Blacksmith,le,le_N64_dtypesmith.quint8_contigTrue_other_scalarFALSE_out_variantFALSE,short,FALSE,21.7831
Blacksmith,le,le_N64_dtypesmith.quint8_contigTrue_other_scalarFALSE_out_variantTrue,short,FALSE,34.6798
Blacksmith,le,le_N64_dtypesmith.quint8_contigTrue_other_scalarTrue_out_variantFALSE,short,FALSE,21.1468
Blacksmith,le,le_N64_dtypesmith.quint8_contigTrue_other_scalarTrue_out_variantTrue,short,FALSE,33.912
Blacksmith,le,le_N64_dtypesmith.qint8_contigFALSE_other_scalarFALSE_out_variantFALSE,short,FALSE,29.6168
Blacksmith,le,le_N64_dtypesmith.qint8_contigFALSE_other_scalarFALSE_out_variantTrue,short,FALSE,43.5096
Blacksmith,le,le_N64_dtypesmith.qint8_contigFALSE_other_scalarTrue_out_variantFALSE,short,FALSE,29.8273
Blacksmith,le,le_N64_dtypesmith.qint8_contigFALSE_other_scalarTrue_out_variantTrue,short,FALSE,42.5003
Blacksmith,le,le_N64_dtypesmith.qint8_contigTrue_other_scalarFALSE_out_variantFALSE,short,FALSE,21.7367
Blacksmith,le,le_N64_dtypesmith.qint8_contigTrue_other_scalarFALSE_out_variantTrue,short,FALSE,34.6689
Blacksmith,le,le_N64_dtypesmith.qint8_contigTrue_other_scalarTrue_out_variantFALSE,short,FALSE,21.1267
Blacksmith,le,le_N64_dtypesmith.qint8_contigTrue_other_scalarTrue_out_variantTrue,short,FALSE,33.7905
Blacksmith,le,le_N64_dtypesmith.qint32_contigFALSE_other_scalarFALSE_out_variantFALSE,short,FALSE,31.4938
Blacksmith,le,le_N64_dtypesmith.qint32_contigFALSE_other_scalarFALSE_out_variantTrue,short,FALSE,45.118
Blacksmith,le,le_N64_dtypesmith.qint32_contigFALSE_other_scalarTrue_out_variantFALSE,short,FALSE,31.0123
Blacksmith,le,le_N64_dtypesmith.qint32_contigFALSE_other_scalarTrue_out_variantTrue,short,FALSE,43.125
Blacksmith,le,le_N64_dtypesmith.qint32_contigTrue_other_scalarFALSE_out_variantFALSE,short,FALSE,21.6769
Blacksmith,le,le_N64_dtypesmith.qint32_contigTrue_other_scalarFALSE_out_variantTrue,short,FALSE,34.624
Blacksmith,le,le_N64_dtypesmith.qint32_contigTrue_other_scalarTrue_out_variantFALSE,short,FALSE,21.1879
Blacksmith,le,le_N64_dtypesmith.qint32_contigTrue_other_scalarTrue_out_variantTrue,short,FALSE,33.5701
Blacksmith,ge,ge_N8_dtypesmith.quint8_contigFALSE_other_scalarFALSE_out_variantFALSE,short,FALSE,18.4122
Blacksmith,ge,ge_N8_dtypesmith.quint8_contigFALSE_other_scalarFALSE_out_variantTrue,short,FALSE,30.1641
Blacksmith,ge,ge_N8_dtypesmith.quint8_contigFALSE_other_scalarTrue_out_variantFALSE,short,FALSE,18.62
Blacksmith,ge,ge_N8_dtypesmith.quint8_contigFALSE_other_scalarTrue_out_variantTrue,short,FALSE,30.7366
Blacksmith,ge,ge_N8_dtypesmith.quint8_contigTrue_other_scalarFALSE_out_variantFALSE,short,FALSE,14.0367
Blacksmith,ge,ge_N8_dtypesmith.quint8_contigTrue_other_scalarFALSE_out_variantTrue,short,FALSE,25.1452
Blacksmith,ge,ge_N8_dtypesmith.quint8_contigTrue_other_scalarTrue_out_variantFALSE,short,FALSE,14.6244
Blacksmith,ge,ge_N8_dtypesmith.quint8_contigTrue_other_scalarTrue_out_variantTrue,short,FALSE,26.1445
Blacksmith,ge,ge_N8_dtypesmith.qint8_contigFALSE_other_scalarFALSE_out_variantFALSE,short,FALSE,18.3426
Blacksmith,ge,ge_N8_dtypesmith.qint8_contigFALSE_other_scalarFALSE_out_variantTrue,short,FALSE,30.0687
Blacksmith,ge,ge_N8_dtypesmith.qint8_contigFALSE_other_scalarTrue_out_variantFALSE,short,FALSE,18.599
Blacksmith,ge,ge_N8_dtypesmith.qint8_contigFALSE_other_scalarTrue_out_variantTrue,short,FALSE,30.7432
Blacksmith,ge,ge_N8_dtypesmith.qint8_contigTrue_other_scalarFALSE_out_variantFALSE,short,FALSE,14.0121
Blacksmith,ge,ge_N8_dtypesmith.qint8_contigTrue_other_scalarFALSE_out_variantTrue,short,FALSE,25.112
Blacksmith,ge,ge_N8_dtypesmith.qint8_contigTrue_other_scalarTrue_out_variantFALSE,short,FALSE,14.5655
Blacksmith,ge,ge_N8_dtypesmith.qint8_contigTrue_other_scalarTrue_out_variantTrue,short,FALSE,26.1537
Blacksmith,ge,ge_N8_dtypesmith.qint32_contigFALSE_other_scalarFALSE_out_variantFALSE,short,FALSE,18.5808
Blacksmith,ge,ge_N8_dtypesmith.qint32_contigFALSE_other_scalarFALSE_out_variantTrue,short,FALSE,30.3334
Blacksmith,ge,ge_N8_dtypesmith.qint32_contigFALSE_other_scalarTrue_out_variantFALSE,short,FALSE,18.5502
Blacksmith,ge,ge_N8_dtypesmith.qint32_contigFALSE_other_scalarTrue_out_variantTrue,short,FALSE,30.7833
Blacksmith,ge,ge_N8_dtypesmith.qint32_contigTrue_other_scalarFALSE_out_variantFALSE,short,FALSE,14.1244
Blacksmith,ge,ge_N8_dtypesmith.qint32_contigTrue_other_scalarFALSE_out_variantTrue,short,FALSE,25.2665
Blacksmith,ge,ge_N8_dtypesmith.qint32_contigTrue_other_scalarTrue_out_variantFALSE,short,FALSE,14.6322
Blacksmith,ge,ge_N8_dtypesmith.qint32_contigTrue_other_scalarTrue_out_variantTrue,short,FALSE,26.2824
Blacksmith,ge,ge_N64_dtypesmith.quint8_contigFALSE_other_scalarFALSE_out_variantFALSE,short,FALSE,29.6852
Blacksmith,ge,ge_N64_dtypesmith.quint8_contigFALSE_other_scalarFALSE_out_variantTrue,short,FALSE,43.5176
Blacksmith,ge,ge_N64_dtypesmith.quint8_contigFALSE_other_scalarTrue_out_variantFALSE,short,FALSE,29.5751
Blacksmith,ge,ge_N64_dtypesmith.quint8_contigFALSE_other_scalarTrue_out_variantTrue,short,FALSE,41.6508
Blacksmith,ge,ge_N64_dtypesmith.quint8_contigTrue_other_scalarFALSE_out_variantFALSE,short,FALSE,21.7045
Blacksmith,ge,ge_N64_dtypesmith.quint8_contigTrue_other_scalarFALSE_out_variantTrue,short,FALSE,34.7853
Blacksmith,ge,ge_N64_dtypesmith.quint8_contigTrue_other_scalarTrue_out_variantFALSE,short,FALSE,21.3255
Blacksmith,ge,ge_N64_dtypesmith.quint8_contigTrue_other_scalarTrue_out_variantTrue,short,FALSE,35.008
Blacksmith,ge,ge_N64_dtypesmith.qint8_contigFALSE_other_scalarFALSE_out_variantFALSE,short,FALSE,29.6213
Blacksmith,ge,ge_N64_dtypesmith.qint8_contigFALSE_other_scalarFALSE_out_variantTrue,short,FALSE,43.4305
Blacksmith,ge,ge_N64_dtypesmith.qint8_contigFALSE_other_scalarTrue_out_variantFALSE,short,FALSE,29.9976
Blacksmith,ge,ge_N64_dtypesmith.qint8_contigFALSE_other_scalarTrue_out_variantTrue,short,FALSE,41.8899
Blacksmith,ge,ge_N64_dtypesmith.qint8_contigTrue_other_scalarFALSE_out_variantFALSE,short,FALSE,21.6829
Blacksmith,ge,ge_N64_dtypesmith.qint8_contigTrue_other_scalarFALSE_out_variantTrue,short,FALSE,34.7859
Blacksmith,ge,ge_N64_dtypesmith.qint8_contigTrue_other_scalarTrue_out_variantFALSE,short,FALSE,21.1738
Blacksmith,ge,ge_N64_dtypesmith.qint8_contigTrue_other_scalarTrue_out_variantTrue,short,FALSE,33.846
Blacksmith,ge,ge_N64_dtypesmith.qint32_contigFALSE_other_scalarFALSE_out_variantFALSE,short,FALSE,31.5165
Blacksmith,ge,ge_N64_dtypesmith.qint32_contigFALSE_other_scalarFALSE_out_variantTrue,short,FALSE,45.5134
Blacksmith,ge,ge_N64_dtypesmith.qint32_contigFALSE_other_scalarTrue_out_variantFALSE,short,FALSE,31.2167
Blacksmith,ge,ge_N64_dtypesmith.qint32_contigFALSE_other_scalarTrue_out_variantTrue,short,FALSE,43.2783
Blacksmith,ge,ge_N64_dtypesmith.qint32_contigTrue_other_scalarFALSE_out_variantFALSE,short,FALSE,21.601
Blacksmith,ge,ge_N64_dtypesmith.qint32_contigTrue_other_scalarFALSE_out_variantTrue,short,FALSE,34.7351
Blacksmith,ge,ge_N64_dtypesmith.qint32_contigTrue_other_scalarTrue_out_variantFALSE,short,FALSE,21.2838
Blacksmith,ge,ge_N64_dtypesmith.qint32_contigTrue_other_scalarTrue_out_variantTrue,short,FALSE,34.3512
Blacksmith,QConv1d,QConv1d_IC128_OC256_kernel3_stride1_N1_L64_cpu,short,FALSE,121.0661
Blacksmith,QConv1d,QConv1d_IC256_OC256_kernel3_stride2_N4_L64_cpu,short,FALSE,150.2673
Blacksmith,QConv2d,QConv2d_IC256_OC256_kernel3_stride1_N1_H16_W16_G1_pad0_cpu,short,FALSE,170.6436
Blacksmith,qembeddingbag_byte_prepack,qembeddingbag_byte_prepack_num_embeddings80_embedding_dim128,short,FALSE,9.9914
Blacksmith,qembeddingbag_byte_prepack,qembeddingbag_byte_prepack_num_embeddings80_embedding_dim256,short,FALSE,11.3223
Blacksmith,qembeddingbag_byte_prepack,qembeddingbag_byte_prepack_num_embeddings80_embedding_dim512,short,FALSE,11.8468
Blacksmith,qembeddingbag_4bit_prepack,qembeddingbag_4bit_prepack_num_embeddings80_embedding_dim128,short,FALSE,11.0042
Blacksmith,qembeddingbag_4bit_prepack,qembeddingbag_4bit_prepack_num_embeddings80_embedding_dim256,short,FALSE,11.1633
Blacksmith,qembeddingbag_4bit_prepack,qembeddingbag_4bit_prepack_num_embeddings80_embedding_dim512,short,FALSE,12.6725
Blacksmith,qembeddingbag_2bit_prepack,qembeddingbag_2bit_prepack_num_embeddings80_embedding_dim128,short,FALSE,11.0473
Blacksmith,qembeddingbag_2bit_prepack,qembeddingbag_2bit_prepack_num_embeddings80_embedding_dim256,short,FALSE,11.2128
Blacksmith,qembeddingbag_2bit_prepack,qembeddingbag_2bit_prepack_num_embeddings80_embedding_dim512,short,FALSE,11.5582
Blacksmith,qembeddingbag_byte_unpack,qembeddingbag_byte_unpack_num_embeddings80_embedding_dim128,short,FALSE,14.0764
Blacksmith,qembeddingbag_byte_unpack,qembeddingbag_byte_unpack_num_embeddings80_embedding_dim256,short,FALSE,16.5054
Blacksmith,qembeddingbag_byte_unpack,qembeddingbag_byte_unpack_num_embeddings80_embedding_dim512,short,FALSE,20.8127
Blacksmith,qembeddingbag_4bit_unpack,qembeddingbag_4bit_unpack_num_embeddings80_embedding_dim128,short,FALSE,11.9969
Blacksmith,qembeddingbag_4bit_unpack,qembeddingbag_4bit_unpack_num_embeddings80_embedding_dim256,short,FALSE,12.1914
Blacksmith,qembeddingbag_4bit_unpack,qembeddingbag_4bit_unpack_num_embeddings80_embedding_dim512,short,FALSE,12.4254
Blacksmith,qembeddingbag_2bit_unpack,qembeddingbag_2bit_unpack_num_embeddings80_embedding_dim128,short,FALSE,12.1991
Blacksmith,qembeddingbag_2bit_unpack,qembeddingbag_2bit_unpack_num_embeddings80_embedding_dim256,short,FALSE,12.3906
Blacksmith,qembeddingbag_2bit_unpack,qembeddingbag_2bit_unpack_num_embeddings80_embedding_dim512,short,FALSE,13.1629
Blacksmith,qembeddingbag_byte_prepack,qembeddingbag_byte_prepack_num_embeddings80_embedding_dim128_batch_size10,short,FALSE,12.8605
Blacksmith,qembeddingbag_byte_prepack,qembeddingbag_byte_prepack_num_embeddings80_embedding_dim256_batch_size10,short,FALSE,14.0776
Blacksmith,qembeddingbag_byte_prepack,qembeddingbag_byte_prepack_num_embeddings80_embedding_dim512_batch_size10,short,FALSE,16.2496
Blacksmith,qembeddingbag_4bit_prepack,qembeddingbag_4bit_prepack_num_embeddings80_embedding_dim128_batch_size10,short,FALSE,9.6159
Blacksmith,qembeddingbag_4bit_prepack,qembeddingbag_4bit_prepack_num_embeddings80_embedding_dim256_batch_size10,short,FALSE,9.5633
Blacksmith,qembeddingbag_4bit_prepack,qembeddingbag_4bit_prepack_num_embeddings80_embedding_dim512_batch_size10,short,FALSE,9.5626
Blacksmith,qembeddingbag_2bit_prepack,qembeddingbag_2bit_prepack_num_embeddings80_embedding_dim128_batch_size10,short,FALSE,9.6479
Blacksmith,qembeddingbag_2bit_prepack,qembeddingbag_2bit_prepack_num_embeddings80_embedding_dim256_batch_size10,short,FALSE,9.67
Blacksmith,qembeddingbag_2bit_prepack,qembeddingbag_2bit_prepack_num_embeddings80_embedding_dim512_batch_size10,short,FALSE,9.6473
Blacksmith,qembeddingbag_byte_unpack,qembeddingbag_byte_unpack_num_embeddings80_embedding_dim128_batch_size10,short,FALSE,27.9084
Blacksmith,qembeddingbag_byte_unpack,qembeddingbag_byte_unpack_num_embeddings80_embedding_dim256_batch_size10,short,FALSE,45.0191
Blacksmith,qembeddingbag_byte_unpack,qembeddingbag_byte_unpack_num_embeddings80_embedding_dim512_batch_size10,short,FALSE,75.4599
Blacksmith,qembeddingbag_4bit_unpack,qembeddingbag_4bit_unpack_num_embeddings80_embedding_dim128_batch_size10,short,FALSE,8.9655
Blacksmith,qembeddingbag_4bit_unpack,qembeddingbag_4bit_unpack_num_embeddings80_embedding_dim256_batch_size10,short,FALSE,8.9751
Blacksmith,qembeddingbag_4bit_unpack,qembeddingbag_4bit_unpack_num_embeddings80_embedding_dim512_batch_size10,short,FALSE,8.9735
Blacksmith,qembeddingbag_2bit_unpack,qembeddingbag_2bit_unpack_num_embeddings80_embedding_dim128_batch_size10,short,FALSE,9.1326
Blacksmith,qembeddingbag_2bit_unpack,qembeddingbag_2bit_unpack_num_embeddings80_embedding_dim256_batch_size10,short,FALSE,9.1411
Blacksmith,qembeddingbag_2bit_unpack,qembeddingbag_2bit_unpack_num_embeddings80_embedding_dim512_batch_size10,short,FALSE,9.1444
Blacksmith,qEmbeddingBag,qEmbeddingBag_embeddingbags10_dim64_modesum_input_size8_offset0_sparseTrue_include_last_offsetTrue_cpu,short,FALSE,48.7564
Blacksmith,qEmbeddingBag,qEmbeddingBag_embeddingbags10_dim64_modesum_input_size8_offset0_sparseTrue_include_last_offsetFALSE_cpu,short,FALSE,64.3127
Blacksmith,qEmbeddingBag,qEmbeddingBag_embeddingbags10_dim64_modesum_input_size8_offset0_sparseFALSE_include_last_offsetTrue_cpu,short,FALSE,48.7029
Blacksmith,qEmbeddingBag,qEmbeddingBag_embeddingbags10_dim64_modesum_input_size8_offset0_sparseFALSE_include_last_offsetFALSE_cpu,short,FALSE,64.2567
Blacksmith,qEmbeddingBag,qEmbeddingBag_embeddingbags10_dim64_modesum_input_size16_offset0_sparseTrue_include_last_offsetTrue_cpu,short,FALSE,48.7698
Blacksmith,qEmbeddingBag,qEmbeddingBag_embeddingbags10_dim64_modesum_input_size16_offset0_sparseTrue_include_last_offsetFALSE_cpu,short,FALSE,64.3691
Blacksmith,qEmbeddingBag,qEmbeddingBag_embeddingbags10_dim64_modesum_input_size16_offset0_sparseFALSE_include_last_offsetTrue_cpu,short,FALSE,48.8276
Blacksmith,qEmbeddingBag,qEmbeddingBag_embeddingbags10_dim64_modesum_input_size16_offset0_sparseFALSE_include_last_offsetFALSE_cpu,short,FALSE,64.3425
Blacksmith,qEmbeddingBag,qEmbeddingBag_embeddingbags10_dim64_modesum_input_size64_offset0_sparseTrue_include_last_offsetTrue_cpu,short,FALSE,48.963
Blacksmith,qEmbeddingBag,qEmbeddingBag_embeddingbags10_dim64_modesum_input_size64_offset0_sparseTrue_include_last_offsetFALSE_cpu,short,FALSE,64.6502
Blacksmith,qEmbeddingBag,qEmbeddingBag_embeddingbags10_dim64_modesum_input_size64_offset0_sparseFALSE_include_last_offsetTrue_cpu,short,FALSE,48.9717
Blacksmith,qEmbeddingBag,qEmbeddingBag_embeddingbags10_dim64_modesum_input_size64_offset0_sparseFALSE_include_last_offsetFALSE_cpu,short,FALSE,64.5513
Blacksmith,qEmbeddingBag,qEmbeddingBag_embeddingbags120_dim64_modesum_input_size8_offset0_sparseTrue_include_last_offsetTrue_cpu,short,FALSE,48.8327
Blacksmith,qEmbeddingBag,qEmbeddingBag_embeddingbags120_dim64_modesum_input_size8_offset0_sparseTrue_include_last_offsetFALSE_cpu,short,FALSE,64.3891
Blacksmith,qEmbeddingBag,qEmbeddingBag_embeddingbags120_dim64_modesum_input_size8_offset0_sparseFALSE_include_last_offsetTrue_cpu,short,FALSE,48.836
Blacksmith,qEmbeddingBag,qEmbeddingBag_embeddingbags120_dim64_modesum_input_size8_offset0_sparseFALSE_include_last_offsetFALSE_cpu,short,FALSE,64.3409
Blacksmith,qEmbeddingBag,qEmbeddingBag_embeddingbags120_dim64_modesum_input_size16_offset0_sparseTrue_include_last_offsetTrue_cpu,short,FALSE,48.7967
Blacksmith,qEmbeddingBag,qEmbeddingBag_embeddingbags120_dim64_modesum_input_size16_offset0_sparseTrue_include_last_offsetFALSE_cpu,short,FALSE,64.3416
Blacksmith,qEmbeddingBag,qEmbeddingBag_embeddingbags120_dim64_modesum_input_size16_offset0_sparseFALSE_include_last_offsetTrue_cpu,short,FALSE,48.8597
Blacksmith,qEmbeddingBag,qEmbeddingBag_embeddingbags120_dim64_modesum_input_size16_offset0_sparseFALSE_include_last_offsetFALSE_cpu,short,FALSE,64.4254
Blacksmith,qEmbeddingBag,qEmbeddingBag_embeddingbags120_dim64_modesum_input_size64_offset0_sparseTrue_include_last_offsetTrue_cpu,short,FALSE,49.1124
Blacksmith,qEmbeddingBag,qEmbeddingBag_embeddingbags120_dim64_modesum_input_size64_offset0_sparseTrue_include_last_offsetFALSE_cpu,short,FALSE,64.4759
Blacksmith,qEmbeddingBag,qEmbeddingBag_embeddingbags120_dim64_modesum_input_size64_offset0_sparseFALSE_include_last_offsetTrue_cpu,short,FALSE,49.1267
Blacksmith,qEmbeddingBag,qEmbeddingBag_embeddingbags120_dim64_modesum_input_size64_offset0_sparseFALSE_include_last_offsetFALSE_cpu,short,FALSE,64.6559
Blacksmith,qEmbeddingBag,qEmbeddingBag_embeddingbags1000_dim64_modesum_input_size8_offset0_sparseTrue_include_last_offsetTrue_cpu,short,FALSE,48.9441
Blacksmith,qEmbeddingBag,qEmbeddingBag_embeddingbags1000_dim64_modesum_input_size8_offset0_sparseTrue_include_last_offsetFALSE_cpu,short,FALSE,64.486
Blacksmith,qEmbeddingBag,qEmbeddingBag_embeddingbags1000_dim64_modesum_input_size8_offset0_sparseFALSE_include_last_offsetTrue_cpu,short,FALSE,48.8731
Blacksmith,qEmbeddingBag,qEmbeddingBag_embeddingbags1000_dim64_modesum_input_size8_offset0_sparseFALSE_include_last_offsetFALSE_cpu,short,FALSE,64.4419
Blacksmith,qEmbeddingBag,qEmbeddingBag_embeddingbags1000_dim64_modesum_input_size16_offset0_sparseTrue_include_last_offsetTrue_cpu,short,FALSE,48.8811
Blacksmith,qEmbeddingBag,qEmbeddingBag_embeddingbags1000_dim64_modesum_input_size16_offset0_sparseTrue_include_last_offsetFALSE_cpu,short,FALSE,64.4126
Blacksmith,qEmbeddingBag,qEmbeddingBag_embeddingbags1000_dim64_modesum_input_size16_offset0_sparseFALSE_include_last_offsetTrue_cpu,short,FALSE,48.8853
Blacksmith,qEmbeddingBag,qEmbeddingBag_embeddingbags1000_dim64_modesum_input_size16_offset0_sparseFALSE_include_last_offsetFALSE_cpu,short,FALSE,64.4946
Blacksmith,qEmbeddingBag,qEmbeddingBag_embeddingbags1000_dim64_modesum_input_size64_offset0_sparseTrue_include_last_offsetTrue_cpu,short,FALSE,49.1347
Blacksmith,qEmbeddingBag,qEmbeddingBag_embeddingbags1000_dim64_modesum_input_size64_offset0_sparseTrue_include_last_offsetFALSE_cpu,short,FALSE,64.6574
Blacksmith,qEmbeddingBag,qEmbeddingBag_embeddingbags1000_dim64_modesum_input_size64_offset0_sparseFALSE_include_last_offsetTrue_cpu,short,FALSE,49.0424
Blacksmith,qEmbeddingBag,qEmbeddingBag_embeddingbags1000_dim64_modesum_input_size64_offset0_sparseFALSE_include_last_offsetFALSE_cpu,short,FALSE,64.6891
Blacksmith,qEmbeddingBag,qEmbeddingBag_embeddingbags2300_dim64_modesum_input_size8_offset0_sparseTrue_include_last_offsetTrue_cpu,short,FALSE,48.8887
Blacksmith,qEmbeddingBag,qEmbeddingBag_embeddingbags2300_dim64_modesum_input_size8_offset0_sparseTrue_include_last_offsetFALSE_cpu,short,FALSE,64.3275
Blacksmith,qEmbeddingBag,qEmbeddingBag_embeddingbags2300_dim64_modesum_input_size8_offset0_sparseFALSE_include_last_offsetTrue_cpu,short,FALSE,48.7541
Blacksmith,qEmbeddingBag,qEmbeddingBag_embeddingbags2300_dim64_modesum_input_size8_offset0_sparseFALSE_include_last_offsetFALSE_cpu,short,FALSE,64.4383
Blacksmith,qEmbeddingBag,qEmbeddingBag_embeddingbags2300_dim64_modesum_input_size16_offset0_sparseTrue_include_last_offsetTrue_cpu,short,FALSE,49.0772
Blacksmith,qEmbeddingBag,qEmbeddingBag_embeddingbags2300_dim64_modesum_input_size16_offset0_sparseTrue_include_last_offsetFALSE_cpu,short,FALSE,64.4852
Blacksmith,qEmbeddingBag,qEmbeddingBag_embeddingbags2300_dim64_modesum_input_size16_offset0_sparseFALSE_include_last_offsetTrue_cpu,short,FALSE,48.8794
Blacksmith,qEmbeddingBag,qEmbeddingBag_embeddingbags2300_dim64_modesum_input_size16_offset0_sparseFALSE_include_last_offsetFALSE_cpu,short,FALSE,64.4925
Blacksmith,qEmbeddingBag,qEmbeddingBag_embeddingbags2300_dim64_modesum_input_size64_offset0_sparseTrue_include_last_offsetTrue_cpu,short,FALSE,49.0408
Blacksmith,qEmbeddingBag,qEmbeddingBag_embeddingbags2300_dim64_modesum_input_size64_offset0_sparseTrue_include_last_offsetFALSE_cpu,short,FALSE,64.7088
Blacksmith,qEmbeddingBag,qEmbeddingBag_embeddingbags2300_dim64_modesum_input_size64_offset0_sparseFALSE_include_last_offsetTrue_cpu,short,FALSE,49.0971
Blacksmith,qEmbeddingBag,qEmbeddingBag_embeddingbags2300_dim64_modesum_input_size64_offset0_sparseFALSE_include_last_offsetFALSE_cpu,short,FALSE,64.7124
Blacksmith,QGroupNormBenchmark,"QGroupNormBenchmark_dims(32,8,16)_num_groups2_dtypesmith.qint8",short,FALSE,14.2907
Blacksmith,QGroupNormBenchmark,"QGroupNormBenchmark_dims(32,8,16)_num_groups4_dtypesmith.qint8",short,FALSE,14.4174
Blacksmith,QGroupNormBenchmark,"QGroupNormBenchmark_dims(32,8,56,56)_num_groups2_dtypesmith.qint8",short,FALSE,35.2416
Blacksmith,QGroupNormBenchmark,"QGroupNormBenchmark_dims(32,8,56,56)_num_groups4_dtypesmith.qint8",short,FALSE,35.5288
Blacksmith,QInstanceNormBenchmark,"QInstanceNormBenchmark_dims(32,8,16)_dtypesmith.qint8",short,FALSE,14.4557
Blacksmith,QInstanceNormBenchmark,"QInstanceNormBenchmark_dims(32,8,56,56)_dtypesmith.qint8",short,FALSE,33.8378
Blacksmith,q_interpolate,q_interpolate_M32_N32_K32_dtypesmith.quint8_modenearest_scale0.5_contigTrue,short,FALSE,7.8927
Blacksmith,q_interpolate,q_interpolate_M32_N32_K32_dtypesmith.quint8_modebilinear_scale0.5_contigTrue,short,FALSE,12.1855
Blacksmith,q_interpolate,q_interpolate_M32_N32_K32_dtypesmith.quint8_modenearest_scale2.0_contigTrue,short,FALSE,7.876
Blacksmith,q_interpolate,q_interpolate_M32_N32_K32_dtypesmith.quint8_modebilinear_scale2.0_contigTrue,short,FALSE,12.1806
Blacksmith,q_interpolate,q_interpolate_M3_N720_K1280_dtypesmith.quint8_modebilinear_scale0.83333_contigTrue,short,FALSE,31.3689
Blacksmith,QLayerNormBenchmark,"QLayerNormBenchmark_dims(1,8,16)_dtypesmith.qint8",short,FALSE,14.4236
Blacksmith,QLayerNormBenchmark,"QLayerNormBenchmark_dims(8,8,16)_dtypesmith.qint8",short,FALSE,19.3001
Blacksmith,QLayerNormBenchmark,"QLayerNormBenchmark_dims(32,8,16)_dtypesmith.qint8",short,FALSE,19.5875
Blacksmith,QLayerNormBenchmark,"QLayerNormBenchmark_dims(64,128,56,56)_dtypesmith.qint8",short,FALSE,1529.4168
Blacksmith,QLinear,QLinear_N1_IN1_OUT1_cpu,short,FALSE,61.9098
Blacksmith,QLinear,QLinear_N4_IN256_OUT128_cpu,short,FALSE,71.4256
Blacksmith,QLinear,QLinear_N16_IN512_OUT256_cpu,short,FALSE,76.5413
Blacksmith,QDynamicLinear,QDynamicLinear_N1_IN1_OUT1_cpu,short,FALSE,58.6741
Blacksmith,QDynamicLinear,QDynamicLinear_N4_IN256_OUT128_cpu,short,FALSE,68.1178
Blacksmith,QDynamicLinear,QDynamicLinear_N16_IN512_OUT256_cpu,short,FALSE,76.5539
Blacksmith,MinMaxObserver,MinMaxObserver_C3_M512_N512_dtypesmith.quint8_cpu_qschemesmith.per_tensor_affine,short,FALSE,165.7528
Blacksmith,MinMaxObserver,MinMaxObserver_C3_M512_N512_dtypesmith.quint8_cpu_qschemesmith.per_tensor_symmetric,short,FALSE,152.155
Blacksmith,MovingAverageMinMaxObserver,MovingAverageMinMaxObserver_C3_M512_N512_dtypesmith.quint8_cpu_qschemesmith.per_tensor_affine,short,FALSE,207.921
Blacksmith,MovingAverageMinMaxObserver,MovingAverageMinMaxObserver_C3_M512_N512_dtypesmith.quint8_cpu_qschemesmith.per_tensor_symmetric,short,FALSE,196.0801
Blacksmith,PerChannelMinMaxObserver,PerChannelMinMaxObserver_C3_M512_N512_dtypesmith.quint8_cpu_qschemesmith.per_channel_affine,short,FALSE,660.8751
Blacksmith,PerChannelMinMaxObserver,PerChannelMinMaxObserver_C3_M512_N512_dtypesmith.quint8_cpu_qschemesmith.per_channel_symmetric,short,FALSE,631.7678
Blacksmith,MovingAveragePerChannelMinMaxObserver,MovingAveragePerChannelMinMaxObserver_C3_M512_N512_dtypesmith.quint8_cpu_qschemesmith.per_channel_affine,short,FALSE,689.3469
Blacksmith,MovingAveragePerChannelMinMaxObserver,MovingAveragePerChannelMinMaxObserver_C3_M512_N512_dtypesmith.quint8_cpu_qschemesmith.per_channel_symmetric,short,FALSE,665.8384
Blacksmith,HistogramObserver,HistogramObserver_C3_M512_N512_dtypesmith.quint8_cpu_qschemesmith.per_tensor_affine,short,FALSE,2269.4954
Blacksmith,HistogramObserver,HistogramObserver_C3_M512_N512_dtypesmith.quint8_cpu_qschemesmith.per_tensor_symmetric,short,FALSE,2284.8399
Blacksmith,HistogramObserverCalculateQparams,HistogramObserverCalculateQparams_C3_M512_N512_dtypesmith.quint8_cpu_qschemesmith.per_tensor_affine,short,FALSE,2275.4481
Blacksmith,HistogramObserverCalculateQparams,HistogramObserverCalculateQparams_C3_M512_N512_dtypesmith.quint8_cpu_qschemesmith.per_tensor_symmetric,short,FALSE,2225.9528
Blacksmith,QAdaptiveAvgPool2dBenchmark,"QAdaptiveAvgPool2dBenchmark_N4_C3_input_size(224,224)_output_size(112,112)_contigTrue_dtypesmith.qint32",short,FALSE,219.4663
Blacksmith,QAdaptiveAvgPool2dBenchmark,"QAdaptiveAvgPool2dBenchmark_N4_C3_input_size(224,224)_output_size(112,112)_contigTrue_dtypesmith.qint8",short,FALSE,219.0055
Blacksmith,QAdaptiveAvgPool2dBenchmark,"QAdaptiveAvgPool2dBenchmark_N4_C3_input_size(224,224)_output_size(112,112)_contigTrue_dtypesmith.quint8",short,FALSE,218.8345
Blacksmith,QAvgPool2dBenchmark,"QAvgPool2dBenchmark_C1_H3_W3_k(3,3)_s(1,1)_p(0,0)_N2_contigTrue_dtypesmith.qint32",short,FALSE,12.7215
Blacksmith,QAvgPool2dBenchmark,"QAvgPool2dBenchmark_C1_H3_W3_k(3,3)_s(1,1)_p(0,0)_N2_contigTrue_dtypesmith.qint8",short,FALSE,14.6691
Blacksmith,QAvgPool2dBenchmark,"QAvgPool2dBenchmark_C1_H3_W3_k(3,3)_s(1,1)_p(0,0)_N2_contigTrue_dtypesmith.quint8",short,FALSE,14.6109
Blacksmith,QMaxPool2dBenchmark,"QMaxPool2dBenchmark_C1_H3_W3_k(3,3)_s(1,1)_p(0,0)_N2_contigTrue_dtypesmith.qint32",short,FALSE,15.4468
Blacksmith,QMaxPool2dBenchmark,"QMaxPool2dBenchmark_C1_H3_W3_k(3,3)_s(1,1)_p(0,0)_N2_contigTrue_dtypesmith.qint8",short,FALSE,15.4546
Blacksmith,QMaxPool2dBenchmark,"QMaxPool2dBenchmark_C1_H3_W3_k(3,3)_s(1,1)_p(0,0)_N2_contigTrue_dtypesmith.quint8",short,FALSE,15.4778
Blacksmith,QLSTM,QLSTM_I1_H3_NL1_BTrue_DFALSE_dtypesmith.qint8,short,FALSE,5217.2835
Blacksmith,QLSTM,QLSTM_I1_H3_NL1_BTrue_DTrue_dtypesmith.qint8,short,FALSE,10347.2789
Blacksmith,QLSTM,QLSTM_I5_H7_NL4_BTrue_DFALSE_dtypesmith.qint8,short,FALSE,24447.7776
Blacksmith,QLSTM,QLSTM_I5_H7_NL4_BTrue_DTrue_dtypesmith.qint8,short,FALSE,48972.4577
Blacksmith,QMethodTensorInputCopyBenchmark,QMethodTensorInputCopyBenchmark_M32_N32_dtypesmith.quint8_contigFALSE,short,FALSE,1.041
Blacksmith,QMethodTensorInputCopyBenchmark,QMethodTensorInputCopyBenchmark_M32_N32_dtypesmith.quint8_contigTrue,short,FALSE,1.022
Blacksmith,QuantizePerTensor,QuantizePerTensor_C3_M512_N512_dtypesmith.quint8_modeQ,short,FALSE,25.1494
Blacksmith,DequantizePerTensor,DequantizePerTensor_C3_M512_N512_dtypesmith.quint8_modeD,short,FALSE,17.1969
Blacksmith,QuantizePerChannel,QuantizePerChannel_C3_M512_N512_dtypesmith.quint8_modeQ_axis0,short,FALSE,3162.223
Blacksmith,DequantizePerChannel,DequantizePerChannel_C3_M512_N512_dtypesmith.quint8_modeD_axis0,short,FALSE,185.0221
Blacksmith,FakeQuantize,FakeQuantize_N1_C3_H512_W512_zero_point_dtypesmith.int32_cpu,short,FALSE,546.7611
Blacksmith,learnable_kernel_tensor,learnable_kernel_tensor_N1_C3_H512_W512_zero_point_dtypesmith.int32_nbits4_cpu,short,FALSE,198.838
Blacksmith,learnable_kernel_tensor,learnable_kernel_tensor_N1_C3_H512_W512_zero_point_dtypesmith.int32_nbits8_cpu,short,FALSE,208.628
Blacksmith,original_kernel_tensor,original_kernel_tensor_N1_C3_H512_W512_zero_point_dtypesmith.int32_nbits4_cpu,short,FALSE,200.6107
Blacksmith,original_kernel_tensor,original_kernel_tensor_N1_C3_H512_W512_zero_point_dtypesmith.int32_nbits8_cpu,short,FALSE,211.8795
Blacksmith,learnable_kernel_tensor,learnable_kernel_tensor_N1_C3_H512_W512_zero_point_dtypesmith.int32_nbits4_cpu_bwdall_BACKWARD,short,TRUE,415.3363
Blacksmith,learnable_kernel_tensor,learnable_kernel_tensor_N1_C3_H512_W512_zero_point_dtypesmith.int32_nbits4_cpu_bwd1_BACKWARD,short,TRUE,416.6851
Blacksmith,learnable_kernel_tensor,learnable_kernel_tensor_N1_C3_H512_W512_zero_point_dtypesmith.int32_nbits4_cpu_bwd2_BACKWARD,short,TRUE,416.4106
Blacksmith,learnable_kernel_tensor,learnable_kernel_tensor_N1_C3_H512_W512_zero_point_dtypesmith.int32_nbits4_cpu_bwd3_BACKWARD,short,TRUE,416.1216
Blacksmith,learnable_kernel_tensor,learnable_kernel_tensor_N1_C3_H512_W512_zero_point_dtypesmith.int32_nbits8_cpu_bwdall_BACKWARD,short,TRUE,417.0081
Blacksmith,learnable_kernel_tensor,learnable_kernel_tensor_N1_C3_H512_W512_zero_point_dtypesmith.int32_nbits8_cpu_bwd1_BACKWARD,short,TRUE,416.5927
Blacksmith,learnable_kernel_tensor,learnable_kernel_tensor_N1_C3_H512_W512_zero_point_dtypesmith.int32_nbits8_cpu_bwd2_BACKWARD,short,TRUE,417.6604
Blacksmith,learnable_kernel_tensor,learnable_kernel_tensor_N1_C3_H512_W512_zero_point_dtypesmith.int32_nbits8_cpu_bwd3_BACKWARD,short,TRUE,416.0931
Blacksmith,original_kernel_tensor,original_kernel_tensor_N1_C3_H512_W512_zero_point_dtypesmith.int32_nbits4_cpu_bwdall_BACKWARD,short,TRUE,183.1625
Blacksmith,original_kernel_tensor,original_kernel_tensor_N1_C3_H512_W512_zero_point_dtypesmith.int32_nbits4_cpu_bwd1_BACKWARD,short,TRUE,183.596
Blacksmith,original_kernel_tensor,original_kernel_tensor_N1_C3_H512_W512_zero_point_dtypesmith.int32_nbits4_cpu_bwd2_BACKWARD,short,TRUE,183.0808
Blacksmith,original_kernel_tensor,original_kernel_tensor_N1_C3_H512_W512_zero_point_dtypesmith.int32_nbits4_cpu_bwd3_BACKWARD,short,TRUE,182.9406
Blacksmith,original_kernel_tensor,original_kernel_tensor_N1_C3_H512_W512_zero_point_dtypesmith.int32_nbits8_cpu_bwdall_BACKWARD,short,TRUE,183.9915
Blacksmith,original_kernel_tensor,original_kernel_tensor_N1_C3_H512_W512_zero_point_dtypesmith.int32_nbits8_cpu_bwd1_BACKWARD,short,TRUE,183.407
Blacksmith,original_kernel_tensor,original_kernel_tensor_N1_C3_H512_W512_zero_point_dtypesmith.int32_nbits8_cpu_bwd2_BACKWARD,short,TRUE,182.8545
Blacksmith,original_kernel_tensor,original_kernel_tensor_N1_C3_H512_W512_zero_point_dtypesmith.int32_nbits8_cpu_bwd3_BACKWARD,short,TRUE,183.1087
Blacksmith,learnable_kernel_channel,learnable_kernel_channel_N1_C3_H512_W512_zero_point_dtypesmith.int32_nbits4_cpu,short,FALSE,309.1467
Blacksmith,learnable_kernel_channel,learnable_kernel_channel_N1_C3_H512_W512_zero_point_dtypesmith.int32_nbits8_cpu,short,FALSE,312.9401
Blacksmith,original_kernel_channel,original_kernel_channel_N1_C3_H512_W512_zero_point_dtypesmith.int32_nbits4_cpu,short,FALSE,300.9107
Blacksmith,original_kernel_channel,original_kernel_channel_N1_C3_H512_W512_zero_point_dtypesmith.int32_nbits8_cpu,short,FALSE,308.721
Blacksmith,learnable_kernel_channel,learnable_kernel_channel_N1_C3_H512_W512_zero_point_dtypesmith.int32_nbits4_cpu_bwdall_BACKWARD,short,TRUE,542.2402
Blacksmith,learnable_kernel_channel,learnable_kernel_channel_N1_C3_H512_W512_zero_point_dtypesmith.int32_nbits4_cpu_bwd1_BACKWARD,short,TRUE,544.185
Blacksmith,learnable_kernel_channel,learnable_kernel_channel_N1_C3_H512_W512_zero_point_dtypesmith.int32_nbits4_cpu_bwd2_BACKWARD,short,TRUE,542.8632
Blacksmith,learnable_kernel_channel,learnable_kernel_channel_N1_C3_H512_W512_zero_point_dtypesmith.int32_nbits4_cpu_bwd3_BACKWARD,short,TRUE,543.9898
Blacksmith,learnable_kernel_channel,learnable_kernel_channel_N1_C3_H512_W512_zero_point_dtypesmith.int32_nbits8_cpu_bwdall_BACKWARD,short,TRUE,544.0337
Blacksmith,learnable_kernel_channel,learnable_kernel_channel_N1_C3_H512_W512_zero_point_dtypesmith.int32_nbits8_cpu_bwd1_BACKWARD,short,TRUE,544.0846
Blacksmith,learnable_kernel_channel,learnable_kernel_channel_N1_C3_H512_W512_zero_point_dtypesmith.int32_nbits8_cpu_bwd2_BACKWARD,short,TRUE,543.6945
Blacksmith,learnable_kernel_channel,learnable_kernel_channel_N1_C3_H512_W512_zero_point_dtypesmith.int32_nbits8_cpu_bwd3_BACKWARD,short,TRUE,542.707
Blacksmith,original_kernel_channel,original_kernel_channel_N1_C3_H512_W512_zero_point_dtypesmith.int32_nbits4_cpu_bwdall_BACKWARD,short,TRUE,182.4091
Blacksmith,original_kernel_channel,original_kernel_channel_N1_C3_H512_W512_zero_point_dtypesmith.int32_nbits4_cpu_bwd1_BACKWARD,short,TRUE,183.0807
Blacksmith,original_kernel_channel,original_kernel_channel_N1_C3_H512_W512_zero_point_dtypesmith.int32_nbits8_cpu_bwdall_BACKWARD,short,TRUE,183.1147
Blacksmith,original_kernel_channel,original_kernel_channel_N1_C3_H512_W512_zero_point_dtypesmith.int32_nbits8_cpu_bwd1_BACKWARD,short,TRUE,182.72
Blacksmith,q_argsort,q_argsort_M512_N512_dtypesmith.quint8,short,FALSE,446.4263
Blacksmith,q_clone,q_clone_M512_N512_dtypesmith.quint8,short,FALSE,10.9374
Blacksmith,q_mean,q_mean_M512_N512_dtypesmith.quint8,short,FALSE,10.2288
Blacksmith,q_relu,q_relu_M512_N512_dtypesmith.quint8,short,FALSE,10.3366
Blacksmith,q_relu_,q_relu__M512_N512_dtypesmith.quint8,short,FALSE,7.9869
Blacksmith,q_sort,q_sort_M512_N512_dtypesmith.quint8,short,FALSE,447.1303
Blacksmith,qtopk,qtopk_M512_N512_k5_dtypesmith.quint8,short,FALSE,64.856
Blacksmith,abs,abs_M512_N512_cpu,short,FALSE,12.3046
Blacksmith,abs_,abs__M512_N512_cpu,short,FALSE,7.638213467
Blacksmith,acos,acos_M512_N512_cpu,short,FALSE,18.7028
Blacksmith,acos_,acos__M512_N512_cpu,short,FALSE,65.8008
Blacksmith,argsort,argsort_M512_N512_cpu,short,FALSE,1424.792
Blacksmith,asin,asin_M512_N512_cpu,short,FALSE,17.6292
Blacksmith,asin_,asin__M512_N512_cpu,short,FALSE,13.7757
Blacksmith,atan,atan_M512_N512_cpu,short,FALSE,17.7172
Blacksmith,atan_,atan__M512_N512_cpu,short,FALSE,13.9644
Blacksmith,ceil,ceil_M512_N512_cpu,short,FALSE,11.1606
Blacksmith,ceil_,ceil__M512_N512_cpu,short,FALSE,7.4759
Blacksmith,clone,clone_M512_N512_cpu,short,FALSE,12.2572
Blacksmith,cos,cos_M512_N512_cpu,short,FALSE,18.5237
Blacksmith,cos_,cos__M512_N512_cpu,short,FALSE,14.7932
Blacksmith,cosh,cosh_M512_N512_cpu,short,FALSE,80.2281
Blacksmith,digamma,digamma_M512_N512_cpu,short,FALSE,672.0418
Blacksmith,erf,erf_M512_N512_cpu,short,FALSE,20.1027
Blacksmith,erf_,erf__M512_N512_cpu,short,FALSE,16.4605
Blacksmith,erfc,erfc_M512_N512_cpu,short,FALSE,21.6993
Blacksmith,erfc_,erfc__M512_N512_cpu,short,FALSE,17.3411
Blacksmith,erfinv,erfinv_M512_N512_cpu,short,FALSE,20.9871
Blacksmith,exp,exp_M512_N512_cpu,short,FALSE,14.1471
Blacksmith,exp_,exp__M512_N512_cpu,short,FALSE,52.1716
Blacksmith,expm1,expm1_M512_N512_cpu,short,FALSE,32.8849
Blacksmith,expm1_,expm1__M512_N512_cpu,short,FALSE,28.8886
Blacksmith,floor,floor_M512_N512_cpu,short,FALSE,11.1898
Blacksmith,floor_,floor__M512_N512_cpu,short,FALSE,7.2972
Blacksmith,frac,frac_M512_N512_cpu,short,FALSE,12.9296
Blacksmith,frac_,frac__M512_N512_cpu,short,FALSE,9.1193
Blacksmith,hardshrink,hardshrink_M512_N512_cpu,short,FALSE,14.6546
Blacksmith,lgamma,lgamma_M512_N512_cpu,short,FALSE,110.4636
Blacksmith,log,log_M512_N512_cpu,short,FALSE,14.8297
Blacksmith,log10,log10_M512_N512_cpu,short,FALSE,15.6434
Blacksmith,log10_,log10__M512_N512_cpu,short,FALSE,11.8294
Blacksmith,log1p,log1p_M512_N512_cpu,short,FALSE,27.0109
Blacksmith,log1p_,log1p__M512_N512_cpu,short,FALSE,23.1485
Blacksmith,log2,log2_M512_N512_cpu,short,FALSE,15.3609
Blacksmith,log2_,log2__M512_N512_cpu,short,FALSE,11.5224
Blacksmith,log_,log__M512_N512_cpu,short,FALSE,81.0499
Blacksmith,logit,logit_M512_N512_cpu,short,FALSE,18.1755
Blacksmith,logit_,logit__M512_N512_cpu,short,FALSE,83.57725
Blacksmith,neg,neg_M512_N512_cpu,short,FALSE,11.1491
Blacksmith,neg_,neg__M512_N512_cpu,short,FALSE,7.4216
Blacksmith,reciprocal,reciprocal_M512_N512_cpu,short,FALSE,16.1436
Blacksmith,reciprocal_,reciprocal__M512_N512_cpu,short,FALSE,12.59
Blacksmith,relu,relu_M512_N512_cpu,short,FALSE,13.1991
Blacksmith,relu_,relu__M512_N512_cpu,short,FALSE,8.7194
Blacksmith,round,round_M512_N512_cpu,short,FALSE,11.1888
Blacksmith,round_,round__M512_N512_cpu,short,FALSE,7.4217
Blacksmith,rsqrt,rsqrt_M512_N512_cpu,short,FALSE,20.9455
Blacksmith,rsqrt_,rsqrt__M512_N512_cpu,short,FALSE,17.8695
Blacksmith,sigmoid,sigmoid_M512_N512_cpu,short,FALSE,32.1797
Blacksmith,sigmoid_,sigmoid__M512_N512_cpu,short,FALSE,28.0707
Blacksmith,sign,sign_M512_N512_cpu,short,FALSE,13.2475
Blacksmith,sgn,sgn_M512_N512_cpu,short,FALSE,13.1844
Blacksmith,sin,sin_M512_N512_cpu,short,FALSE,18.4476
Blacksmith,sin_,sin__M512_N512_cpu,short,FALSE,14.5837
Blacksmith,sinh,sinh_M512_N512_cpu,short,FALSE,81.4856
Blacksmith,sqrt,sqrt_M512_N512_cpu,short,FALSE,12.4782
Blacksmith,sqrt_,sqrt__M512_N512_cpu,short,FALSE,9.536
Blacksmith,square,square_M512_N512_cpu,short,FALSE,15.1528
Blacksmith,square_,square__M512_N512_cpu,short,FALSE,10.2758
Blacksmith,tan,tan_M512_N512_cpu,short,FALSE,20.1579
Blacksmith,tan_,tan__M512_N512_cpu,short,FALSE,16.0497
Blacksmith,tanh,tanh_M512_N512_cpu,short,FALSE,14.9006
Blacksmith,tanh_,tanh__M512_N512_cpu,short,FALSE,11.5883
Blacksmith,trunc,trunc_M512_N512_cpu,short,FALSE,12.7292
Blacksmith,trunc_,trunc__M512_N512_cpu,short,FALSE,8.5329
Blacksmith,unique,unique_M512_N512_cpu,short,FALSE,21486.0475
Blacksmith,zero_,zero__M512_N512_cpu,short,FALSE,7.4783
Blacksmith,bernoulli_,bernoulli__M512_N512_cpu,short,FALSE,3986.396
Blacksmith,cauchy_,cauchy__M512_N512_cpu,short,FALSE,7504.3189
Blacksmith,digamma_,digamma__M512_N512_cpu,short,FALSE,1276.7406
Blacksmith,exponential_,exponential__M512_N512_cpu,short,FALSE,6277.716
Blacksmith,normal_,normal__M512_N512_cpu,short,FALSE,1334.7115
Blacksmith,random_,random__M512_N512_cpu,short,FALSE,1209.5657
Blacksmith,sign_,sign__M512_N512_cpu,short,FALSE,9.3767
Blacksmith,uniform_,uniform__M512_N512_cpu,short,FALSE,1248.3519
Blacksmith,half,half_M512_N512_cpu,short,FALSE,14.2058
Blacksmith,long,long_M512_N512_cpu,short,FALSE,28.371
Blacksmith,arange,arange_start0_end1000_step2.5_cpu_dtypesmith.float32,short,FALSE,7.791
Blacksmith,arange,arange_start-1024_end2048_step1_cpu_dtypesmith.float32,short,FALSE,9.501666667
Blacksmith,add_,add__M1_N1_K1_cpu_dtype_onesmith.int32_dtype_twosmith.int32,short,FALSE,2.428333333
Blacksmith,add_,add__M64_N64_K64_cpu_dtype_onesmith.int32_dtype_twosmith.int32,short,FALSE,10.516
Blacksmith,add_,add__M64_N64_K128_cpu_dtype_onesmith.int32_dtype_twosmith.int32,short,FALSE,10.43566667
Blacksmith,sub_,sub__M1_N1_K1_cpu_dtype_onesmith.int32_dtype_twosmith.int32,short,FALSE,2.567
Blacksmith,sub_,sub__M64_N64_K64_cpu_dtype_onesmith.int32_dtype_twosmith.int32,short,FALSE,10.36466667
Blacksmith,sub_,sub__M64_N64_K128_cpu_dtype_onesmith.int32_dtype_twosmith.int32,short,FALSE,10.44266667
Blacksmith,mul_,mul__M1_N1_K1_cpu_dtype_onesmith.int32_dtype_twosmith.int32,short,FALSE,2.462
Blacksmith,mul_,mul__M64_N64_K64_cpu_dtype_onesmith.int32_dtype_twosmith.int32,short,FALSE,9.666666667
Blacksmith,mul_,mul__M64_N64_K128_cpu_dtype_onesmith.int32_dtype_twosmith.int32,short,FALSE,9.804666667
Blacksmith,div_,div__M1_N1_K1_cpu_dtype_onesmith.float32_dtype_twosmith.float32,short,FALSE,2.431333333
Blacksmith,div_,div__M64_N64_K64_cpu_dtype_onesmith.float32_dtype_twosmith.float32,short,FALSE,192.4236667
Blacksmith,div_,div__M64_N64_K128_cpu_dtype_onesmith.float32_dtype_twosmith.float32,short,FALSE,194.4426667
Blacksmith,sub,"sub_in_one[64,1,64]_in_two[1,64,1]_cpu_dtypesmith.float32",short,FALSE,14.90066667
Blacksmith,div,"div_in_one[64,1,64]_in_two[1,64,1]_cpu_dtypesmith.float32",short,FALSE,14.753
Blacksmith,mul,"mul_in_one[64,1,64]_in_two[1,64,1]_cpu_dtypesmith.float32",short,FALSE,14.34233333
Blacksmith,sub,sub_M1_N1_K1_cpu_dtype_onesmith.int32_dtype_twosmith.int32,short,FALSE,4.091333333
Blacksmith,sub,sub_M1_N1_K1_cpu_dtype_onesmith.int32_dtype_twosmith.uint8,short,FALSE,8.0660000
Blacksmith,sub,sub_M1_N1_K1_cpu_dtype_onesmith.uint8_dtype_twosmith.int32,short,FALSE,8.121000
Blacksmith,sub,sub_M1_N1_K1_cpu_dtype_onesmith.uint8_dtype_twosmith.uint8,short,FALSE,4.511000
Blacksmith,sub,sub_M64_N64_K64_cpu_dtype_onesmith.int32_dtype_twosmith.int32,short,FALSE,14.359
Blacksmith,sub,sub_M64_N64_K64_cpu_dtype_onesmith.int32_dtype_twosmith.uint8,short,FALSE,26.787000
Blacksmith,sub,sub_M64_N64_K64_cpu_dtype_onesmith.uint8_dtype_twosmith.int32,short,FALSE,27.175000
Blacksmith,sub,sub_M64_N64_K64_cpu_dtype_onesmith.uint8_dtype_twosmith.uint8,short,FALSE,12.528000
Blacksmith,sub,sub_M64_N64_K128_cpu_dtype_onesmith.int32_dtype_twosmith.int32,short,FALSE,14.472
Blacksmith,sub,sub_M64_N64_K128_cpu_dtype_onesmith.int32_dtype_twosmith.uint8,short,FALSE,27.578000
Blacksmith,sub,sub_M64_N64_K128_cpu_dtype_onesmith.uint8_dtype_twosmith.int32,short,FALSE,28.172000
Blacksmith,sub,sub_M64_N64_K128_cpu_dtype_onesmith.uint8_dtype_twosmith.uint8,short,FALSE,12.903000
Blacksmith,div,div_M1_N1_K1_cpu_dtype_onesmith.int32_dtype_twosmith.int32,short,FALSE,9.372333333
Blacksmith,div,div_M1_N1_K1_cpu_dtype_onesmith.int32_dtype_twosmith.uint8,short,FALSE,10.159000
Blacksmith,div,div_M1_N1_K1_cpu_dtype_onesmith.uint8_dtype_twosmith.int32,short,FALSE,10.129000
Blacksmith,div,div_M1_N1_K1_cpu_dtype_onesmith.uint8_dtype_twosmith.uint8,short,FALSE,9.905000
Blacksmith,div,div_M64_N64_K64_cpu_dtype_onesmith.int32_dtype_twosmith.int32,short,FALSE,38.91933333
Blacksmith,div,div_M64_N64_K64_cpu_dtype_onesmith.int32_dtype_twosmith.uint8,short,FALSE,39.979000
Blacksmith,div,div_M64_N64_K64_cpu_dtype_onesmith.uint8_dtype_twosmith.int32,short,FALSE,40.223000
Blacksmith,div,div_M64_N64_K64_cpu_dtype_onesmith.uint8_dtype_twosmith.uint8,short,FALSE,40.395000
Blacksmith,div,div_M64_N64_K128_cpu_dtype_onesmith.int32_dtype_twosmith.int32,short,FALSE,39.602
Blacksmith,div,div_M64_N64_K128_cpu_dtype_onesmith.int32_dtype_twosmith.uint8,short,FALSE,41.432000
Blacksmith,div,div_M64_N64_K128_cpu_dtype_onesmith.uint8_dtype_twosmith.int32,short,FALSE,41.977000
Blacksmith,div,div_M64_N64_K128_cpu_dtype_onesmith.uint8_dtype_twosmith.uint8,short,FALSE,40.816000
Blacksmith,mul,mul_M1_N1_K1_cpu_dtype_onesmith.int32_dtype_twosmith.int32,short,FALSE,3.932
Blacksmith,mul,mul_M1_N1_K1_cpu_dtype_onesmith.int32_dtype_twosmith.uint8,short,FALSE,7.953000
Blacksmith,mul,mul_M1_N1_K1_cpu_dtype_onesmith.uint8_dtype_twosmith.int32,short,FALSE,7.948000
Blacksmith,mul,mul_M1_N1_K1_cpu_dtype_onesmith.uint8_dtype_twosmith.uint8,short,FALSE,4.364000
Blacksmith,mul,mul_M64_N64_K64_cpu_dtype_onesmith.int32_dtype_twosmith.int32,short,FALSE,13.98933333
Blacksmith,mul,mul_M64_N64_K64_cpu_dtype_onesmith.int32_dtype_twosmith.uint8,short,FALSE,26.279000
Blacksmith,mul,mul_M64_N64_K64_cpu_dtype_onesmith.uint8_dtype_twosmith.int32,short,FALSE,26.627000
Blacksmith,mul,mul_M64_N64_K64_cpu_dtype_onesmith.uint8_dtype_twosmith.uint8,short,FALSE,11.922000
Blacksmith,mul,mul_M64_N64_K128_cpu_dtype_onesmith.int32_dtype_twosmith.int32,short,FALSE,14.05733333
Blacksmith,mul,mul_M64_N64_K128_cpu_dtype_onesmith.int32_dtype_twosmith.uint8,short,FALSE,26.890000
Blacksmith,mul,mul_M64_N64_K128_cpu_dtype_onesmith.uint8_dtype_twosmith.int32,short,FALSE,27.476000
Blacksmith,mul,mul_M64_N64_K128_cpu_dtype_onesmith.uint8_dtype_twosmith.uint8,short,FALSE,12.433000
Blacksmith,asr,asr_M1_N1_K1_cpu_dtype_onesmith.int32_dtype_twosmith.int32,short,FALSE,4.725000
Blacksmith,asr,asr_M1_N1_K1_cpu_dtype_onesmith.int32_dtype_twosmith.uint8,short,FALSE,8.304000
Blacksmith,asr,asr_M1_N1_K1_cpu_dtype_onesmith.uint8_dtype_twosmith.int32,short,FALSE,8.256000
Blacksmith,asr,asr_M1_N1_K1_cpu_dtype_onesmith.uint8_dtype_twosmith.uint8,short,FALSE,4.810000
Blacksmith,asr,asr_M64_N64_K64_cpu_dtype_onesmith.int32_dtype_twosmith.int32,short,FALSE,13.095000
Blacksmith,asr,asr_M64_N64_K64_cpu_dtype_onesmith.int32_dtype_twosmith.uint8,short,FALSE,23.216000
Blacksmith,asr,asr_M64_N64_K64_cpu_dtype_onesmith.uint8_dtype_twosmith.int32,short,FALSE,23.495000
Blacksmith,asr,asr_M64_N64_K64_cpu_dtype_onesmith.uint8_dtype_twosmith.uint8,short,FALSE,12.030000
Blacksmith,asr,asr_M64_N64_K128_cpu_dtype_onesmith.int32_dtype_twosmith.int32,short,FALSE,13.412000
Blacksmith,asr,asr_M64_N64_K128_cpu_dtype_onesmith.int32_dtype_twosmith.uint8,short,FALSE,23.845000
Blacksmith,asr,asr_M64_N64_K128_cpu_dtype_onesmith.uint8_dtype_twosmith.int32,short,FALSE,24.386000
Blacksmith,asr,asr_M64_N64_K128_cpu_dtype_onesmith.uint8_dtype_twosmith.uint8,short,FALSE,12.263000
Blacksmith,lsl,lsl_M1_N1_K1_cpu_dtype_onesmith.int32_dtype_twosmith.int32,short,FALSE,4.699000
Blacksmith,lsl,lsl_M1_N1_K1_cpu_dtype_onesmith.int32_dtype_twosmith.uint8,short,FALSE,8.109000
Blacksmith,lsl,lsl_M1_N1_K1_cpu_dtype_onesmith.uint8_dtype_twosmith.int32,short,FALSE,8.066000
Blacksmith,lsl,lsl_M1_N1_K1_cpu_dtype_onesmith.uint8_dtype_twosmith.uint8,short,FALSE,4.716000
Blacksmith,lsl,lsl_M64_N64_K64_cpu_dtype_onesmith.int32_dtype_twosmith.int32,short,FALSE,12.994000
Blacksmith,lsl,lsl_M64_N64_K64_cpu_dtype_onesmith.int32_dtype_twosmith.uint8,short,FALSE,23.193000
Blacksmith,lsl,lsl_M64_N64_K64_cpu_dtype_onesmith.uint8_dtype_twosmith.int32,short,FALSE,23.047000
Blacksmith,lsl,lsl_M64_N64_K64_cpu_dtype_onesmith.uint8_dtype_twosmith.uint8,short,FALSE,11.793000
Blacksmith,lsl,lsl_M64_N64_K128_cpu_dtype_onesmith.int32_dtype_twosmith.int32,short,FALSE,13.490000
Blacksmith,lsl,lsl_M64_N64_K128_cpu_dtype_onesmith.int32_dtype_twosmith.uint8,short,FALSE,23.959000
Blacksmith,lsl,lsl_M64_N64_K128_cpu_dtype_onesmith.uint8_dtype_twosmith.int32,short,FALSE,23.771000
Blacksmith,lsl,lsl_M64_N64_K128_cpu_dtype_onesmith.uint8_dtype_twosmith.uint8,short,FALSE,12.135000
Blacksmith,xor,xor_M1_N1_K1_cpu_dtype_onesmith.int32_dtype_twosmith.int32,short,FALSE,4.718000
Blacksmith,xor,xor_M1_N1_K1_cpu_dtype_onesmith.int32_dtype_twosmith.uint8,short,FALSE,8.364000
Blacksmith,xor,xor_M1_N1_K1_cpu_dtype_onesmith.uint8_dtype_twosmith.int32,short,FALSE,8.400000
Blacksmith,xor,xor_M1_N1_K1_cpu_dtype_onesmith.uint8_dtype_twosmith.uint8,short,FALSE,4.740000
Blacksmith,xor,xor_M64_N64_K64_cpu_dtype_onesmith.int32_dtype_twosmith.int32,short,FALSE,13.045000
Blacksmith,xor,xor_M64_N64_K64_cpu_dtype_onesmith.int32_dtype_twosmith.uint8,short,FALSE,23.432000
Blacksmith,xor,xor_M64_N64_K64_cpu_dtype_onesmith.uint8_dtype_twosmith.int32,short,FALSE,23.141000
Blacksmith,xor,xor_M64_N64_K64_cpu_dtype_onesmith.uint8_dtype_twosmith.uint8,short,FALSE,10.307000
Blacksmith,xor,xor_M64_N64_K128_cpu_dtype_onesmith.int32_dtype_twosmith.int32,short,FALSE,13.383000
Blacksmith,xor,xor_M64_N64_K128_cpu_dtype_onesmith.int32_dtype_twosmith.uint8,short,FALSE,24.228000
Blacksmith,xor,xor_M64_N64_K128_cpu_dtype_onesmith.uint8_dtype_twosmith.int32,short,FALSE,23.878000
Blacksmith,xor,xor_M64_N64_K128_cpu_dtype_onesmith.uint8_dtype_twosmith.uint8,short,FALSE,10.616000
Blacksmith,logical_and,"logical_and_in_one[64,1,64]_in_two[1,64,1]_cpu_dtypesmith.bool",short,FALSE,41.10566667
Blacksmith,logical_and,logical_and_M1_N1_K1_cpu_dtype_onesmith.bool_dtype_twosmith.bool,short,FALSE,4.987666667
Blacksmith,logical_and,logical_and_M64_N64_K64_cpu_dtype_onesmith.bool_dtype_twosmith.bool,short,FALSE,10.88633333
Blacksmith,logical_and,logical_and_M64_N64_K128_cpu_dtype_onesmith.bool_dtype_twosmith.bool,short,FALSE,10.844
Blacksmith,bmm,bmm_B2_M1_N8_K2_cpu_dtypesmith.float32,short,FALSE,4.132666667
Blacksmith,bmm,bmm_B2_M1_N8_K2_cpu_dtypesmith.bfloat16,short,FALSE,4.138
Blacksmith,bmm,bmm_B128_M64_N32_K64_cpu_dtypesmith.float32,short,FALSE,26.016
Blacksmith,bmm,bmm_B128_M64_N32_K64_cpu_dtypesmith.bfloat16,short,FALSE,122.5856667
Blacksmith,baddbmm,baddbmm_B2_M1_N8_K2_cpu_dtypesmith.float32,short,FALSE,6.079333333
Blacksmith,baddbmm,baddbmm_B2_M1_N8_K2_cpu_dtypesmith.bfloat16,short,FALSE,6.154666667
Blacksmith,baddbmm,baddbmm_B128_M64_N32_K64_cpu_dtypesmith.float32,short,FALSE,46.773
Blacksmith,baddbmm,baddbmm_B128_M64_N32_K64_cpu_dtypesmith.bfloat16,short,FALSE,138.773
Blacksmith,all,all_M1_N1_K1_cpu,short,FALSE,5.864000
Blacksmith,all,all_M64_N64_K64_cpu,short,FALSE,46.536000
Blacksmith,all,all_M64_N64_K128_cpu,short,FALSE,46.288000
Blacksmith,index_add_,index_add__M8_N32_K1_dim0_cpu_dtypesmith.float32,short,FALSE,40.94966667
Blacksmith,index_add_,index_add__M512_N512_K1_dim2_cpu_dtypesmith.float32,short,FALSE,124.4306667
Blacksmith,index_select,index_select_M8_N8_K1_dim1_cpu,short,FALSE,4.461
Blacksmith,index_select,index_select_M256_N512_K1_dim1_cpu,short,FALSE,79.63533333
Blacksmith,index_select,index_select_M512_N512_K1_dim1_cpu,short,FALSE,167.888
Blacksmith,index_select,index_select_M8_N8_K2_dim1_cpu,short,FALSE,4.544
Blacksmith,index_select,index_select_M256_N512_K2_dim1_cpu,short,FALSE,305.2126667
Blacksmith,index_select,index_select_M512_N512_K2_dim1_cpu,short,FALSE,603.7596667
Blacksmith,mm,mm_M1_N1_K1_cpu_dtypesmith.float32,short,FALSE,4.919
Blacksmith,mm,mm_M64_N64_K64_cpu_dtypesmith.float32,short,FALSE,13.90066667
Blacksmith,mm,mm_M64_N64_K128_cpu_dtypesmith.float32,short,FALSE,13.20866667
Blacksmith,stack,"stack_sizes(1,1,1)_N2_cpu_dim0",short,FALSE,5.519
Blacksmith,stack,"stack_sizes(1,1,1)_N2_cpu_dim1",short,FALSE,5.738333333
Blacksmith,stack,"stack_sizes(1,1,1)_N2_cpu_dim2",short,FALSE,5.746666667
Blacksmith,stack,"stack_sizes(1,1,1)_N2_cpu_dim3",short,FALSE,6.127
Blacksmith,stack,"stack_sizes(512,512,2)_N2_cpu_dim0",short,FALSE,19.943
Blacksmith,stack,"stack_sizes(512,512,2)_N2_cpu_dim1",short,FALSE,20.89633333
Blacksmith,stack,"stack_sizes(512,512,2)_N2_cpu_dim2",short,FALSE,116.437
Blacksmith,stack,"stack_sizes(512,512,2)_N2_cpu_dim3",short,FALSE,42.9705
Blacksmith,stack,"stack_sizes(128,1024,2)_N2_cpu_dim0",short,FALSE,19.77333333
Blacksmith,stack,"stack_sizes(128,1024,2)_N2_cpu_dim1",short,FALSE,20.22633333
Blacksmith,stack,"stack_sizes(128,1024,2)_N2_cpu_dim2",short,FALSE,116.23
Blacksmith,stack,"stack_sizes(128,1024,2)_N2_cpu_dim3",short,FALSE,42.9005
Blacksmith,addcmul,addcmul_M1_N2_cpu_dtypesmith.float32,short,FALSE,4.179
Blacksmith,addcmul,addcmul_M1_N2_cpu_dtypesmith.bfloat16,short,FALSE,4.164666667
Blacksmith,addcmul,addcmul_M32_N64_cpu_dtypesmith.float32,short,FALSE,4.956333333
Blacksmith,addcmul,addcmul_M32_N64_cpu_dtypesmith.bfloat16,short,FALSE,4.974666667
Blacksmith,addcdiv,addcdiv_M1_N2_cpu_dtypesmith.float32,short,FALSE,4.309333333
Blacksmith,addcdiv,addcdiv_M1_N2_cpu_dtypesmith.bfloat16,short,FALSE,4.338
Blacksmith,addcdiv,addcdiv_M32_N64_cpu_dtypesmith.float32,short,FALSE,5.157666667
Blacksmith,addcdiv,addcdiv_M32_N64_cpu_dtypesmith.bfloat16,short,FALSE,5.259333333
Blacksmith,topk,"topk_shape(16,4)_k4_dim1_cpu_dtypesmith.float32",short,FALSE,7.123333333
Blacksmith,topk,"topk_shape(1048576,)_k16_dim0_cpu_dtypesmith.float32",short,FALSE,2569.296333
Blacksmith,where,"where_cond_shape(8,16,1)_input_shape(1,)_other_shape(1,)_cpu_dtypesmith.float32",short,FALSE,5.682333333
Blacksmith,where,"where_cond_shape(8,16,1)_input_shape(16,1)_other_shape(8,16,1)_cpu_dtypesmith.float32",short,FALSE,5.763
Blacksmith,where,"where_cond_shape(8,16,1)_input_shape(8,1,1)_other_shape(1,)_cpu_dtypesmith.float32",short,FALSE,5.744666667
Blacksmith,clamp,clamp_M512_N512_cpu,short,FALSE,15.26233333
Blacksmith,gelu,gelu_M512_N512_cpu,short,FALSE,31.33166667
